Date,EUR/USD Close,USD/JPY Close,USD/CHF Close,GBP/USD Close,USD/CAD Close,EUR/GBP Close,EUR/JPY Close,EUR/CHF Close,AUD/USD Close,GBP/JPY Close,CHF/JPY Close,GBP/CHF Close,NZD/USD Close
2017-01-02,1.04679,117.456,1.0233,1.2293,1.3425,0.85143,122.9,1.07124,0.7186,144.31,114.66,1.25796,0.692
2017-01-03,1.04134,117.562,1.02654,1.22409,1.34294,0.85057,122.414,1.06913,0.72245,143.916,114.502,1.25666,0.69229
2017-01-04,1.04657,117.532,1.02274,1.23054,1.33187,0.85038,123.016,1.07043,0.7267,144.649,114.89,1.2587,0.69419
2017-01-05,1.0589,115.665,1.01096,1.24076,1.3241,0.8534,122.507,1.07067,0.73367,143.51,114.407,1.25437,0.70199
2017-01-06,1.05315,117.04,1.01722,1.2284,1.3233,0.85712,123.265,1.07132,0.73042,143.777,115.17,1.24979,0.69652
2017-01-09,1.05649,116.156,1.0158,1.21543,1.32276,0.86913,122.72,1.0729,0.7354,141.183,114.34,1.2344,0.70134
2017-01-10,1.05582,115.743,1.01654,1.21634,1.3224,0.86795,122.211,1.07329,0.7365,140.784,113.85,1.23647,0.69899
2017-01-11,1.0575,115.465,1.01498,1.2206,1.3169,0.86632,122.098,1.07331,0.74455,140.91,113.75,1.23892,0.7049
2017-01-12,1.06171,114.599,1.0104,1.21621,1.31357,0.87286,121.673,1.07285,0.74869,139.386,113.395,1.22905,0.7107
2017-01-13,1.06455,114.533,1.00851,1.21843,1.31225,0.87365,121.918,1.07374,0.74973,139.547,113.542,1.2287,0.71248
2017-01-16,1.05967,114.068,1.0119,1.20541,1.3162,0.87897,120.876,1.07224,0.74721,137.506,112.7,1.21975,0.70954
2017-01-17,1.0704,112.675,1.0022,1.24014,1.3051,0.86319,120.67,1.0727,0.75614,139.787,112.44,1.24302,0.72038
2017-01-18,1.06397,114.252,1.00655,1.22633,1.32598,0.86749,121.557,1.07098,0.75128,140.115,113.5,1.23434,0.71394
2017-01-19,1.06591,114.845,1.00694,1.23318,1.3319,0.86431,122.41,1.0733,0.75541,141.6,114.02,1.2417,0.71835
2017-01-20,1.06907,114.58,1.00271,1.23636,1.33266,0.8645,122.492,1.07194,0.75492,141.662,114.234,1.2395,0.71626
2017-01-23,1.07472,113.015,0.99831,1.25021,1.32488,0.85952,121.46,1.07285,0.75743,141.305,113.19,1.24797,0.722
2017-01-24,1.07274,113.836,1.0011,1.25028,1.31681,0.858,122.109,1.07413,0.75797,142.315,113.666,1.2517,0.7243
2017-01-25,1.07494,113.296,0.99945,1.26323,1.30678,0.85077,121.763,1.07412,0.75681,143.131,113.346,1.26249,0.72689
2017-01-26,1.06914,114.389,0.99956,1.25997,1.30877,0.8485,122.3,1.06865,0.75481,144.128,114.427,1.25939,0.72543
2017-01-27,1.06977,115.112,0.99908,1.25453,1.31394,0.85269,123.12,1.06874,0.75501,144.415,115.2,1.25341,0.7262
2017-01-30,1.0694,113.59,0.9949,1.2481,1.3114,0.85683,121.496,1.0644,0.75497,141.789,114.11,1.24205,0.72831
2017-01-31,1.07947,112.875,0.98946,1.25688,1.30198,0.85877,121.83,1.06804,0.75817,141.868,114.06,1.24363,0.73407
2017-02-01,1.07712,113.139,0.9926,1.26671,1.30466,0.85027,121.87,1.06912,0.75863,143.313,113.982,1.25735,0.72794
2017-02-02,1.0759,112.684,0.9928,1.25319,1.30252,0.85857,121.35,1.06821,0.76597,141.186,113.473,1.24404,0.7286
2017-02-03,1.07743,112.871,0.993,1.2477,1.30256,0.86339,121.42,1.07,0.7679,140.843,113.651,1.23912,0.731
2017-02-06,1.07494,111.735,0.99071,1.24692,1.30831,0.86206,120.08,1.06496,0.76574,139.323,112.775,1.23538,0.73196
2017-02-07,1.06946,112.219,0.99647,1.25151,1.3162,0.85451,119.999,1.06568,0.76344,140.393,112.59,1.24705,0.73087
2017-02-08,1.06874,112.049,0.99526,1.25304,1.3157,0.85286,119.753,1.06366,0.76332,140.401,112.56,1.2471,0.72588
2017-02-09,1.0659,113.269,1.00134,1.2496,1.31405,0.8528,120.723,1.06728,0.76297,141.52,113.09,1.251,0.71931
2017-02-10,1.06321,113.421,1.00364,1.24813,1.30841,0.85186,120.591,1.06707,0.76739,141.565,113.01,1.25258,0.7192
2017-02-13,1.05993,113.613,1.0053,1.25283,1.30716,0.84592,120.423,1.06571,0.76455,142.346,112.99,1.25976,0.71751
2017-02-14,1.05732,114.18,1.00693,1.24648,1.30759,0.84815,120.723,1.06467,0.76524,142.328,113.377,1.25522,0.71638
2017-02-15,1.0599,114.159,1.0054,1.24578,1.30782,0.85072,120.98,1.06569,0.77129,142.214,113.52,1.25261,0.72183
2017-02-16,1.06729,113.159,0.99708,1.24946,1.30757,0.8541,120.777,1.06414,0.76895,141.392,113.47,1.24591,0.72267
2017-02-17,1.06077,112.922,1.00285,1.2419,1.3102,0.8539,119.786,1.06378,0.766,140.243,112.578,1.2455,0.71836
2017-02-20,1.06177,113.117,1.00259,1.246,1.30921,0.85207,120.09,1.06449,0.76803,140.945,112.82,1.24929,0.7183
2017-02-21,1.05467,113.595,1.00864,1.24732,1.31406,0.84549,119.806,1.06386,0.768,141.684,112.608,1.25809,0.71648
2017-02-22,1.05705,113.133,1.00936,1.24532,1.31524,0.84874,119.587,1.0669,0.77066,140.89,112.08,1.25698,0.71912
2017-02-23,1.0578,112.717,1.00662,1.25445,1.31157,0.84318,119.23,1.0648,0.77147,141.39,111.95,1.26272,0.7224
2017-02-24,1.05577,112.008,1.00785,1.24511,1.31072,0.84788,118.267,1.06407,0.7672,139.466,111.13,1.2547,0.71959
2017-02-27,1.05867,112.761,1.00918,1.244,1.31518,0.851,119.35,1.0684,0.7677,140.27,111.715,1.25542,0.71942
2017-02-28,1.05907,112.331,1.00468,1.24031,1.32924,0.85371,118.956,1.06404,0.76643,139.326,111.75,1.24616,0.72006
2017-03-01,1.05514,113.619,1.00839,1.22935,1.33396,0.85821,119.879,1.06397,0.76828,139.678,112.667,1.23972,0.71607
2017-03-02,1.05052,114.469,1.01362,1.22592,1.3395,0.85685,120.248,1.06483,0.75701,140.331,112.915,1.24256,0.70641
2017-03-03,1.06121,113.928,1.00913,1.22948,1.33787,0.86307,120.901,1.07089,0.759,140.073,112.885,1.24067,0.70367
2017-03-06,1.05839,113.903,1.01183,1.2236,1.341,0.8649,120.53,1.07099,0.758,139.374,112.561,1.23811,0.6992
2017-03-07,1.05667,114.026,1.0134,1.22033,1.34172,0.8656,120.491,1.07093,0.75892,139.147,112.61,1.23673,0.69576
2017-03-08,1.05442,114.381,1.01461,1.2167,1.3488,0.86653,120.606,1.0697,0.7535,139.168,112.735,1.2341,0.69145
2017-03-09,1.05897,114.934,1.01041,1.2174,1.35067,0.86954,121.715,1.07001,0.75088,139.967,113.74,1.23048,0.68985
2017-03-10,1.06934,114.743,1.00954,1.21807,1.34576,0.87785,122.69,1.07954,0.75488,139.764,113.652,1.22963,0.6931
2017-03-13,1.0654,114.811,1.0067,1.22252,1.34446,0.87139,122.322,1.07274,0.7573,140.367,114.01,1.2308,0.69209
2017-03-14,1.0611,114.705,1.00969,1.2158,1.3483,0.87268,121.716,1.0713,0.7566,139.462,113.59,1.22763,0.69237
2017-03-15,1.06947,113.47,1.00097,1.22776,1.33267,0.87097,121.348,1.0705,0.76932,139.31,113.33,1.22893,0.70279
2017-03-16,1.07593,113.342,0.99623,1.23552,1.33483,0.8708,121.953,1.07208,0.7666,140.044,113.749,1.23054,0.69749
2017-03-17,1.07415,112.679,0.99814,1.23928,1.33403,0.86672,121.043,1.072,0.77025,139.62,112.87,1.2366,0.70175
2017-03-20,1.07394,112.545,0.99869,1.23563,1.33496,0.8691,120.869,1.07249,0.7737,139.065,112.69,1.23396,0.70539
2017-03-21,1.08084,111.825,0.9943,1.24816,1.33407,0.86588,120.865,1.07454,0.77028,139.573,112.466,1.24105,0.7047
2017-03-22,1.0795,110.953,0.99188,1.24865,1.33391,0.86465,119.811,1.07087,0.76776,138.565,111.858,1.23839,0.70593
2017-03-23,1.07831,110.921,0.99301,1.25195,1.33507,0.86127,119.609,1.07077,0.7629,138.871,111.682,1.24315,0.70315
2017-03-24,1.08142,110.665,0.9894,1.25045,1.33788,0.86479,119.68,1.06994,0.7626,138.383,111.846,1.23719,0.7039
2017-03-27,1.08655,110.564,0.98502,1.2563,1.3369,0.8648,120.137,1.07008,0.7623,138.903,112.255,1.23723,0.70463
2017-03-28,1.08049,111.134,0.99267,1.24464,1.33812,0.8681,120.078,1.0726,0.7635,138.327,111.94,1.23552,0.70127
2017-03-29,1.07601,111.027,0.9963,1.24369,1.33332,0.86505,119.456,1.07208,0.7668,138.086,111.421,1.23908,0.70324
2017-03-30,1.06824,111.734,1.00063,1.24693,1.33199,0.85666,119.36,1.0689,0.7653,139.325,111.646,1.24775,0.70049
2017-03-31,1.06729,111.387,1.00127,1.25237,1.32965,0.8522,118.884,1.06869,0.76407,139.499,111.231,1.25393,0.7009
2017-04-03,1.06648,111.004,1.00193,1.24741,1.3387,0.85488,118.382,1.06853,0.76031,138.468,110.781,1.24983,0.70026
2017-04-04,1.06684,110.679,1.002,1.24486,1.34112,0.8567,118.079,1.06899,0.756,137.78,110.449,1.2473,0.69727
2017-04-05,1.06733,110.715,1.0038,1.24917,1.34189,0.85439,118.168,1.0715,0.75777,138.297,110.266,1.25404,0.69723
2017-04-06,1.06456,110.789,1.00504,1.24718,1.34148,0.8534,117.939,1.06991,0.754,138.17,110.217,1.25343,0.697
2017-04-07,1.0591,111.204,1.0087,1.23776,1.3413,0.85563,117.76,1.0687,0.74951,137.646,110.18,1.2488,0.69342
2017-04-10,1.0591,110.975,1.00878,1.24126,1.33326,0.85333,117.54,1.06849,0.74995,137.754,110.005,1.2519,0.69581
2017-04-11,1.06063,109.658,1.00735,1.2488,1.3337,0.84917,116.31,1.06839,0.74922,136.951,108.851,1.25816,0.69519
2017-04-12,1.06415,109.315,1.00502,1.25263,1.32809,0.84949,116.32,1.06955,0.75008,136.898,108.75,1.25892,0.6949
2017-04-13,1.06147,109.161,1.0061,1.25024,1.33246,0.84893,115.865,1.06799,0.75694,136.472,108.471,1.25789,0.6996
2017-04-14,1.0623,108.598,1.00365,1.25297,1.3316,0.8475,115.381,1.0664,0.75779,136.074,108.173,1.25747,0.7004
2017-04-17,1.06395,108.901,1.00475,1.256,1.33133,0.8471,115.894,1.06901,0.75874,136.811,108.39,1.26186,0.70047
2017-04-18,1.07351,108.365,0.99554,1.28484,1.33794,0.83544,116.331,1.06874,0.7557,139.238,108.83,1.27912,0.70411
2017-04-19,1.07159,108.837,0.99769,1.27794,1.34859,0.83853,116.635,1.06913,0.7496,139.088,109.074,1.27495,0.69984
2017-04-20,1.07232,109.244,0.99778,1.28192,1.3472,0.83644,117.151,1.06989,0.75272,140.041,109.476,1.27911,0.70131
2017-04-21,1.06968,109.106,0.99786,1.28016,1.35075,0.83553,116.709,1.06736,0.7539,139.667,109.33,1.27737,0.70267
2017-04-24,1.08574,109.792,0.99637,1.27874,1.35101,0.849,119.21,1.0817,0.75597,140.396,110.18,1.27412,0.70111
2017-04-25,1.0929,111.109,0.9933,1.2828,1.35763,0.8519,121.423,1.0858,0.75348,142.5,111.799,1.27443,0.6943
2017-04-26,1.08969,111.384,0.99408,1.28406,1.36139,0.8485,121.36,1.08324,0.747,143.022,112.04,1.27639,0.68862
2017-04-27,1.0883,111.193,0.99333,1.29065,1.36118,0.84314,121.01,1.08103,0.74736,143.509,111.92,1.28204,0.68808
2017-04-28,1.08988,111.423,0.99367,1.29535,1.36557,0.84116,121.439,1.08302,0.74884,144.305,112.107,1.2873,0.68695
2017-05-01,1.09013,111.79,0.99591,1.28896,1.36731,0.84568,121.897,1.08564,0.75328,144.113,112.231,1.28365,0.69104
2017-05-02,1.09238,112.013,0.99216,1.2927,1.3722,0.84486,122.38,1.0839,0.75272,144.804,112.9,1.28255,0.69324
2017-05-03,1.08895,112.69,0.9941,1.28716,1.37181,0.84596,122.71,1.08265,0.74207,145.047,113.33,1.27966,0.68677
2017-05-04,1.09836,112.431,0.9867,1.29221,1.37618,0.84991,123.496,1.08383,0.74048,145.283,114.04,1.27503,0.68615
2017-05-05,1.09938,112.554,0.98705,1.2976,1.36559,0.84719,123.74,1.08514,0.74185,146.051,114.01,1.28083,0.6914
2017-05-08,1.09318,113.069,0.9981,1.29421,1.36963,0.84463,123.606,1.0912,0.73882,146.331,113.25,1.2918,0.69145
2017-05-09,1.08703,114.175,1.0086,1.29287,1.37252,0.84064,124.105,1.09643,0.73374,147.591,113.18,1.30415,0.68918
2017-05-10,1.08662,114.277,1.0087,1.2947,1.36677,0.83921,124.15,1.09612,0.73629,147.94,113.28,1.306,0.69338
2017-05-11,1.0862,113.834,1.0076,1.28931,1.36892,0.84238,123.643,1.09445,0.73756,146.766,112.961,1.2991,0.68542
2017-05-12,1.09234,113.349,1.00213,1.28828,1.3711,0.84782,123.809,1.09469,0.73917,146,113.107,1.29101,0.68586
2017-05-15,1.09791,113.693,0.9961,1.28956,1.36452,0.85132,124.828,1.0938,0.7416,146.605,114.1,1.28458,0.6875
2017-05-16,1.10904,113.005,0.985,1.292,1.35801,0.8584,125.33,1.09261,0.74353,145.998,114.707,1.27264,0.68903
2017-05-17,1.11459,111.111,0.97924,1.2954,1.36195,0.8601,123.842,1.09139,0.74249,143.947,113.41,1.26865,0.69325
2017-05-18,1.10997,111.481,0.9802,1.29358,1.36061,0.85799,123.72,1.0881,0.74155,144.21,113.69,1.2679,0.6889
2017-05-19,1.12033,111.215,0.97308,1.30331,1.35154,0.85952,124.597,1.09016,0.74556,144.903,114.25,1.26819,0.69324
2017-05-22,1.12334,111.205,0.97331,1.2994,1.35079,0.86428,124.923,1.0933,0.7473,144.528,114.22,1.26488,0.69897
2017-05-23,1.1188,111.668,0.97479,1.2971,1.35026,0.8624,124.943,1.09075,0.7483,144.849,114.542,1.26434,0.70103
2017-05-24,1.12107,111.626,0.97392,1.29549,1.34196,0.86534,125.144,1.09184,0.74908,144.611,114.59,1.26185,0.70409
2017-05-25,1.12131,111.771,0.97277,1.29409,1.34724,0.86642,125.33,1.09072,0.74594,144.637,114.88,1.25883,0.70276
2017-05-26,1.1175,111.242,0.9744,1.2809,1.34495,0.87226,124.306,1.08899,0.74492,142.499,114.13,1.24843,0.70703
2017-05-29,1.11799,111.275,0.97548,1.28465,1.34315,0.87019,124.406,1.09053,0.74475,142.941,114.05,1.2531,0.70639
2017-05-30,1.11921,110.748,0.9738,1.28599,1.34593,0.87025,123.953,1.09014,0.7467,142.429,113.689,1.25265,0.70998
2017-05-31,1.12407,110.655,0.96787,1.28842,1.35084,0.87236,124.381,1.08797,0.743,142.568,114.23,1.24707,0.7094
2017-06-01,1.12142,111.31,0.97125,1.28828,1.35127,0.87045,124.83,1.0892,0.73815,143.397,114.59,1.25125,0.70668
2017-06-02,1.12751,110.456,0.96333,1.28799,1.34959,0.87537,124.541,1.08625,0.7436,142.261,114.637,1.2406,0.71409
2017-06-05,1.12544,110.496,0.96521,1.29083,1.34707,0.8718,124.356,1.08628,0.74866,142.63,114.47,1.24594,0.71419
2017-06-06,1.12745,109.482,0.96209,1.28967,1.34511,0.87425,123.441,1.08475,0.75081,141.191,113.78,1.24075,0.71821
2017-06-07,1.12555,109.794,0.9649,1.2949,1.35192,0.8691,123.577,1.08614,0.75474,142.172,113.76,1.24954,0.71897
2017-06-08,1.12117,110.018,0.96775,1.29412,1.35053,0.8663,123.352,1.08496,0.7546,142.374,113.656,1.25233,0.7214
2017-06-09,1.11945,110.242,0.96938,1.27265,1.34625,0.87954,123.41,1.08516,0.75317,140.304,113.705,1.23368,0.72069
2017-06-12,1.1206,109.828,0.96844,1.26555,1.33296,0.8853,123.074,1.08526,0.75437,138.994,113.396,1.22554,0.72068
2017-06-13,1.1207,110.002,0.96876,1.2752,1.32359,0.87884,123.283,1.0857,0.75397,140.271,113.52,1.2352,0.72237
2017-06-14,1.11961,109.806,0.97328,1.27326,1.32678,0.87926,122.93,1.08972,0.757,139.797,112.803,1.23931,0.72445
2017-06-15,1.11507,110.867,0.9749,1.27605,1.32725,0.87378,123.625,1.08716,0.75814,141.47,113.701,1.24409,0.721
2017-06-16,1.11964,110.813,0.97328,1.27889,1.32144,0.87541,124.072,1.08974,0.76256,141.714,113.845,1.24472,0.72565
2017-06-19,1.11471,111.578,0.97578,1.27293,1.32234,0.87564,124.382,1.08763,0.75944,142.031,114.35,1.24209,0.72274
2017-06-20,1.11272,111.456,0.9753,1.2629,1.3265,0.8809,124.025,1.08535,0.7578,140.767,114.24,1.23184,0.72423
2017-06-21,1.1165,111.345,0.97256,1.2669,1.33144,0.8811,124.317,1.086,0.75575,141.077,114.47,1.23227,0.72296
2017-06-22,1.11528,111.301,0.97157,1.26862,1.32322,0.87914,124.142,1.08366,0.75446,141.197,114.54,1.23254,0.72678
2017-06-23,1.11983,111.222,0.969,1.2725,1.3261,0.88,124.55,1.08525,0.75731,141.526,114.756,1.23316,0.7288
2017-06-26,1.11793,111.899,0.97246,1.27177,1.32527,0.87898,125.098,1.08715,0.75828,142.307,115.05,1.23672,0.7284
2017-06-27,1.13478,112.136,0.95928,1.28236,1.31507,0.88486,127.256,1.08866,0.75932,143.802,116.89,1.23013,0.72818
2017-06-28,1.13785,112.241,0.95942,1.2928,1.30308,0.88008,127.71,1.09168,0.7639,145.104,116.97,1.24023,0.73099
2017-06-29,1.1436,112.062,0.956,1.2996,1.30027,0.8799,128.167,1.09354,0.768,145.638,117.19,1.2424,0.7292
2017-06-30,1.1418,112.456,0.95905,1.3017,1.29651,0.87712,128.419,1.09518,0.76845,146.4,117.237,1.2485,0.73243
2017-07-03,1.13621,113.405,0.96369,1.29462,1.30019,0.87758,128.853,1.0949,0.76523,146.813,117.64,1.2473,0.7293
2017-07-04,1.13492,113.167,0.9646,1.2936,1.2928,0.8771,128.417,1.095,0.76142,146.39,117.27,1.2479,0.72966
2017-07-05,1.1339,113.232,0.96505,1.29254,1.29852,0.87728,128.402,1.0943,0.75917,146.35,117.322,1.2471,0.72743
2017-07-06,1.14197,113.231,0.96074,1.29668,1.29645,0.88062,129.3,1.0971,0.75879,146.8,117.85,1.24572,0.7273
2017-07-07,1.14062,113.946,0.9635,1.28924,1.28764,0.88463,129.973,1.09916,0.7602,146.903,118.16,1.24235,0.7278
2017-07-10,1.14012,114.014,0.96553,1.28807,1.28841,0.8851,129.992,1.10084,0.76063,146.855,118.07,1.24365,0.72757
2017-07-11,1.14688,113.881,0.96347,1.28481,1.29183,0.8926,130.608,1.10493,0.76339,146.315,118.169,1.23781,0.72339
2017-07-12,1.14201,113.149,0.96492,1.28851,1.2734,0.88624,129.217,1.10192,0.76766,145.785,117.252,1.24321,0.72629
2017-07-13,1.1404,113.244,0.96669,1.29436,1.27292,0.88105,129.163,1.10261,0.77307,146.585,117.12,1.25124,0.7317
2017-07-14,1.1466,112.578,0.96385,1.30917,1.26473,0.87576,129.08,1.1051,0.78234,147.391,116.8,1.26177,0.73435
2017-07-17,1.14774,112.623,0.96227,1.3051,1.26895,0.87935,129.269,1.10451,0.7793,146.992,117.022,1.25593,0.731
2017-07-18,1.15582,111.988,0.95483,1.30456,1.26196,0.88591,129.439,1.10362,0.79215,146.089,117.275,1.24564,0.73583
2017-07-19,1.15164,111.826,0.95559,1.30194,1.25974,0.88452,128.785,1.10049,0.79562,145.59,117.02,1.24396,0.73603
2017-07-20,1.16271,111.972,0.95146,1.2975,1.2582,0.89606,130.193,1.10625,0.79564,145.279,117.66,1.23455,0.7405
2017-07-21,1.16748,111.028,0.94427,1.29996,1.25394,0.89803,129.62,1.1025,0.79149,144.31,117.57,1.2275,0.74555
2017-07-24,1.16437,111.106,0.94613,1.3033,1.24988,0.8931,129.369,1.10166,0.7923,144.825,117.409,1.23315,0.74333
2017-07-25,1.1652,111.638,0.94948,1.30342,1.25045,0.89401,130.103,1.1064,0.79496,145.513,117.569,1.23748,0.74242
2017-07-26,1.1727,111.21,0.9513,1.3104,1.2453,0.8947,130.41,1.1155,0.7994,145.71,116.88,1.2464,0.7503
2017-07-27,1.16781,111.139,0.96416,1.3066,1.25594,0.8936,129.789,1.12596,0.7967,145.233,115.259,1.25995,0.74906
2017-07-28,1.17561,110.594,0.96841,1.31417,1.24393,0.89452,130.021,1.13851,0.7985,145.345,114.18,1.27266,0.75161
2017-07-31,1.1829,110.22,0.9668,1.3195,1.2452,0.8964,130.4,1.1436,0.7996,145.41,113.99,1.2753,0.7507
2017-08-01,1.18,110.31,0.9661,1.3206,1.2528,0.8934,130.19,1.1402,0.7961,145.67,114.17,1.2755,0.7468
2017-08-02,1.1859,110.58,0.9696,1.323,1.2554,0.8962,131.15,1.1497,0.7968,146.3,114.04,1.2824,0.7436
2017-08-03,1.1865,110.06,0.9698,1.313,1.258,0.9036,130.6,1.1507,0.7939,144.49,113.46,1.273,0.7434
2017-08-04,1.1771,110.63,0.9727,1.3041,1.2646,0.9028,130.25,1.1451,0.7927,144.22,113.71,1.2679,0.7415
2017-08-07,1.179,110.74,0.9734,1.3025,1.2679,0.905,130.57,1.1476,0.7909,144.23,113.74,1.2676,0.7355
2017-08-08,1.1754,110.46,0.9753,1.2977,1.2665,0.9057,129.84,1.1463,0.7911,143.31,113.24,1.2652,0.7326
2017-08-09,1.1757,109.84,0.9634,1.3005,1.2695,0.9038,129.16,1.1326,0.7884,142.84,114.03,1.2525,0.7329
2017-08-10,1.1772,109.25,0.9632,1.298,1.2721,0.907,128.63,1.1339,0.789,141.77,113.41,1.2498,0.7286
2017-08-11,1.1825,108.99,0.9613,1.3017,1.2677,0.9084,128.89,1.1367,0.7897,141.84,113.35,1.2509,0.732
2017-08-14,1.1783,109.65,0.9724,1.2966,1.2718,0.9091,129.21,1.1454,0.7857,142.16,112.77,1.2604,0.7291
2017-08-15,1.1736,110.55,0.9724,1.2866,1.2747,0.912,129.75,1.1411,0.7819,142.22,113.68,1.2509,0.7237
2017-08-16,1.1764,110.21,0.9658,1.2882,1.2654,0.9131,129.65,1.1361,0.7919,141.96,114.09,1.2438,0.7305
2017-08-17,1.1731,109.95,0.9646,1.288,1.2644,0.9107,129,1.1315,0.7918,141.6,113.96,1.2421,0.73
2017-08-18,1.1764,109.19,0.9646,1.2878,1.2572,0.9134,128.46,1.1348,0.7935,140.59,113.17,1.2418,0.7316
2017-08-21,1.1813,108.81,0.9621,1.29,1.2565,0.9157,128.53,1.1365,0.7935,140.32,113.07,1.2406,0.732
2017-08-22,1.1752,109.51,0.9684,1.2824,1.256,0.9163,128.69,1.138,0.7905,140.4,113.07,1.2414,0.7275
2017-08-23,1.1813,109.03,0.9653,1.2801,1.2546,0.9228,128.81,1.1404,0.7902,139.53,112.93,1.2352,0.7222
2017-08-24,1.1801,109.49,0.9654,1.2801,1.2527,0.9219,129.23,1.1392,0.7899,140.13,113.4,1.2354,0.7208
2017-08-25,1.1922,109.34,0.9557,1.2872,1.2476,0.9262,130.36,1.1393,0.7933,140.71,114.39,1.2298,0.7232
2017-08-28,1.1982,109.08,0.9545,1.294,1.2496,0.9259,130.71,1.1436,0.7965,141.12,114.28,1.2348,0.7258
2017-08-29,1.1975,109.87,0.9549,1.2921,1.2527,0.9267,131.55,1.1434,0.795,141.92,115.04,1.2334,0.7249
2017-08-30,1.189,110.35,0.9633,1.2922,1.2618,0.92,131.22,1.1451,0.7902,142.58,114.54,1.2444,0.7198
2017-08-31,1.1901,109.89,0.9589,1.2926,1.2498,0.9205,130.79,1.1411,0.7941,142.03,114.59,1.2392,0.7179
2017-09-01,1.1865,110.24,0.9648,1.2954,1.2388,0.9159,130.81,1.1448,0.7967,142.77,114.23,1.2494,0.7163
2017-09-04,1.1907,109.59,0.9552,1.2955,1.2414,0.9191,130.5,1.1373,0.795,141.93,114.73,1.237,0.717
2017-09-05,1.1916,108.72,0.955,1.3036,1.238,0.9141,129.56,1.138,0.7992,141.7,113.82,1.2444,0.7244
2017-09-06,1.1911,109.35,0.9573,1.3038,1.2229,0.9135,130.25,1.1403,0.7992,142.55,114.2,1.2477,0.7189
2017-09-07,1.2003,108.64,0.9524,1.3082,1.214,0.9174,130.4,1.143,0.8028,142.1,114.04,1.2456,0.7215
2017-09-08,1.2036,107.76,0.9447,1.3204,1.2142,0.9114,129.71,1.1369,0.8059,142.27,114.04,1.2472,0.7271
2017-09-11,1.1963,109.31,0.9539,1.3175,1.2113,0.9081,130.8,1.1411,0.8029,143.98,114.57,1.2563,0.7247
2017-09-12,1.1964,110.11,0.9608,1.3285,1.2172,0.9004,131.75,1.1493,0.802,146.27,114.59,1.2761,0.7288
2017-09-13,1.188,110.6,0.9654,1.3199,1.2196,0.9,131.4,1.1469,0.7977,145.95,114.54,1.2738,0.7229
2017-09-14,1.1907,110.53,0.9639,1.3397,1.2189,0.8887,131.62,1.1476,0.7984,148.05,114.65,1.291,0.721
2017-09-15,1.1939,110.86,0.9591,1.3567,1.2178,0.8799,132.38,1.145,0.7999,150.4,115.6,1.3009,0.7283
2017-09-18,1.1952,111.54,0.9607,1.351,1.223,0.8845,133.31,1.1482,0.7971,150.66,116.07,1.2976,0.726
2017-09-19,1.1999,111.45,0.9624,1.3521,1.227,0.8873,133.74,1.1548,0.8011,150.66,115.79,1.3009,0.7316
2017-09-20,1.1876,112.42,0.9706,1.3472,1.2344,0.8814,133.52,1.1527,0.8011,151.44,115.81,1.3073,0.734
2017-09-21,1.1932,112.51,0.9717,1.3571,1.2334,0.8791,134.26,1.1594,0.7932,152.68,115.77,1.3184,0.7309
2017-09-22,1.1965,111.95,0.9688,1.3507,1.2311,0.8858,133.95,1.1592,0.7972,151.2,115.53,1.3083,0.7332
2017-09-25,1.1844,111.61,0.9669,1.347,1.2356,0.8793,132.22,1.1451,0.7941,150.3,115.42,1.3019,0.7266
2017-09-26,1.1798,112.24,0.9696,1.3446,1.2371,0.8775,132.44,1.1438,0.7891,150.89,115.74,1.3031,0.7204
2017-09-27,1.1752,112.76,0.9718,1.3398,1.246,0.877,132.52,1.1421,0.7857,151.05,116.01,1.3016,0.7217
2017-09-28,1.1783,112.38,0.9701,1.3444,1.242,0.8764,132.43,1.143,0.7852,151.06,115.82,1.3037,0.7231
2017-09-29,1.1817,112.53,0.9681,1.3398,1.2477,0.88181,132.99,1.1441,0.7838,150.74,116.21,1.2967,0.7219
2017-10-02,1.1739,112.67,0.9743,1.3264,1.2505,0.88327,132.28,1.1438,0.7821,149.42,115.62,1.2921,0.7198
2017-10-03,1.1747,112.92,0.9739,1.3244,1.2492,0.8869,132.65,1.144,0.7831,149.51,115.91,1.2894,0.7154
2017-10-04,1.1762,112.75,0.9752,1.3253,1.2483,0.8874,132.63,1.147,0.7855,149.41,115.6,1.2921,0.716
2017-10-05,1.1704,112.84,0.9788,1.3114,1.2569,0.8924,132.1,1.1455,0.7788,147.96,115.27,1.2832,0.7113
2017-10-06,1.173,112.69,0.9782,1.3065,1.2531,0.8977,132.22,1.1474,0.7772,147.22,115.2,1.2778,0.7091
2017-10-09,1.1752,112.65,0.9792,1.3146,1.2538,0.8938,132.4,1.1508,0.7762,148.08,115.03,1.287,0.7068
2017-10-10,1.1815,112.4,0.9747,1.3205,1.2509,0.8946,132.81,1.1514,0.778,148.4,115.29,1.2868,0.7072
2017-10-11,1.1863,112.37,0.9727,1.3226,1.2466,0.8969,133.31,1.1537,0.7794,148.59,115.52,1.286,0.7089
2017-10-12,1.1836,112.21,0.9754,1.3268,1.2461,0.8919,132.81,1.1545,0.7825,148.85,115.01,1.2939,0.7133
2017-10-13,1.182,111.89,0.9739,1.3291,1.2481,0.8892,132.25,1.151,0.7883,148.69,114.87,1.294,0.7185
2017-10-16,1.1786,112.27,0.9763,1.324,1.2523,0.8902,132.32,1.1508,0.7843,148.62,114.96,1.2923,0.7162
2017-10-17,1.1769,112.2,0.9784,1.3184,1.252,0.8927,132.06,1.1514,0.7846,147.89,114.66,1.2894,0.7167
2017-10-18,1.1799,112.91,0.9809,1.3201,1.247,0.8939,133.23,1.1573,0.7845,149,115.07,1.2943,0.7143
2017-10-19,1.1827,112.67,0.9766,1.3151,1.2485,0.8992,133.27,1.155,0.7862,148.15,115.35,1.2841,0.7015
2017-10-20,1.1777,113.51,0.9848,1.3186,1.2628,0.893,133.69,1.1596,0.7813,149.65,115.24,1.2982,0.6961
2017-10-23,1.1739,113.73,0.9863,1.3201,1.2639,0.8892,133.52,1.1578,0.7803,150.11,115.28,1.3018,0.6963
2017-10-24,1.177,113.8,0.9901,1.3124,1.2679,0.8968,133.95,1.1653,0.778,149.33,114.91,1.2992,0.6896
2017-10-25,1.1809,113.68,0.9885,1.3257,1.2807,0.8907,134.26,1.1674,0.7695,150.68,114.98,1.3102,0.6869
2017-10-26,1.1651,113.97,0.9976,1.3153,1.2849,0.8857,132.8,1.1623,0.7662,149.89,114.23,1.3119,0.6835
2017-10-27,1.1602,113.77,0.9994,1.311,1.2885,0.8849,132,1.1594,0.7653,149.12,113.82,1.3099,0.6867
2017-10-30,1.1641,113.12,0.9946,1.3201,1.2832,0.8817,131.69,1.1577,0.7681,149.31,113.71,1.3127,0.6873
2017-10-31,1.1652,113.68,0.9975,1.328,1.2896,0.8773,132.47,1.1622,0.7658,150.94,113.96,1.3243,0.6841
2017-11-01,1.1624,114.17,1.003,1.3251,1.2874,0.8771,132.75,1.1657,0.7669,151.28,113.82,1.3287,0.6881
2017-11-02,1.1659,114.06,0.9993,1.306,1.2809,0.8927,133,1.1651,0.7716,148.93,114.13,1.3047,0.6915
2017-11-03,1.1602,114.24,1.0013,1.3066,1.2764,0.8878,132.55,1.1615,0.7646,149.25,114.07,1.3079,0.6903
2017-11-06,1.1606,113.75,0.9973,1.3167,1.2719,0.8812,132.01,1.1579,0.7685,149.76,113.99,1.3135,0.6933
2017-11-07,1.1586,113.84,0.9992,1.3156,1.2792,0.8806,131.91,1.157,0.7634,149.73,113.96,1.3135,0.6897
2017-11-08,1.1594,113.59,0.9979,1.3106,1.2725,0.8846,131.73,1.1587,0.7674,148.86,113.66,1.3094,0.692
2017-11-09,1.1645,113.24,0.9931,1.315,1.2668,0.8854,131.87,1.1567,0.7681,148.89,113.98,1.306,0.6954
2017-11-10,1.1666,113.54,0.9957,1.3197,1.2675,0.8839,132.46,1.1615,0.7661,149.81,114.02,1.3135,0.6928
2017-11-13,1.1667,113.63,0.9961,1.3116,1.2727,0.8896,132.59,1.1622,0.7623,149,114.06,1.306,0.69
2017-11-14,1.1795,113.38,0.9885,1.3169,1.2729,0.8955,133.74,1.1667,0.7633,149.28,114.6,1.3023,0.6881
2017-11-15,1.1791,112.89,0.9886,1.3162,1.2763,0.8957,133.12,1.1658,0.7582,148.56,114.17,1.3008,0.6872
2017-11-16,1.1775,112.82,0.9925,1.3196,1.2728,0.8923,132.86,1.1687,0.76,148.84,113.65,1.3093,0.686
2017-11-17,1.1801,112.03,0.9878,1.3217,1.2753,0.8929,132.22,1.1657,0.7565,148.03,113.39,1.3052,0.6812
2017-11-20,1.1735,112.67,0.993,1.3236,1.2807,0.8865,132.22,1.1653,0.7547,149.09,113.43,1.314,0.6807
2017-11-21,1.174,112.44,0.992,1.3235,1.2776,0.887,132.01,1.1646,0.758,148.77,113.32,1.3125,0.6834
2017-11-22,1.1817,111.22,0.982,1.3313,1.27,0.8875,131.48,1.1607,0.7611,148.08,113.27,1.3071,0.6879
2017-11-23,1.1847,111.19,0.9821,1.3301,1.2717,0.8906,131.73,1.1634,0.7623,147.86,113.18,1.3059,0.6884
2017-11-24,1.1928,111.58,0.9796,1.3334,1.2708,0.8945,133.1,1.1685,0.7616,148.74,113.87,1.3058,0.6878
2017-11-27,1.1898,111.01,0.9811,1.3319,1.276,0.8933,132.09,1.1672,0.7605,147.82,113.13,1.3063,0.6906
2017-11-28,1.1836,111.54,0.9841,1.3365,1.2813,0.8854,132.03,1.1649,0.7598,149.07,113.31,1.3152,0.6917
2017-11-29,1.1858,111.85,0.9845,1.3425,1.2849,0.8832,132.65,1.1673,0.7572,150.13,113.6,1.3213,0.6889
2017-11-30,1.1903,112.46,0.9837,1.3526,1.2901,0.8799,133.87,1.1708,0.7564,152.09,114.29,1.3301,0.6835
2017-12-01,1.1892,112.04,0.9762,1.3468,1.2697,0.8828,133.25,1.1609,0.7611,150.89,114.76,1.3146,0.6888
2017-12-04,1.1851,112.56,0.9856,1.3466,1.27,0.88,133.41,1.168,0.7592,151.56,114.18,1.3269,0.6847
2017-12-05,1.1814,112.58,0.9882,1.3437,1.2693,0.8792,133.02,1.1676,0.7606,151.26,113.92,1.3274,0.6875
2017-12-06,1.1791,112.25,0.9902,1.3378,1.2793,0.8814,132.37,1.1676,0.7562,150.11,113.35,1.3241,0.6875
2017-12-07,1.1774,113.12,0.9942,1.3464,1.2857,0.8744,133.2,1.1706,0.7505,152.27,113.76,1.3382,0.6825
2017-12-08,1.1765,113.52,0.9925,1.3399,1.2867,0.878,133.56,1.1678,0.7501,152.07,114.35,1.3295,0.6839
2017-12-11,1.1788,113.5,0.9909,1.3341,1.2849,0.8835,133.8,1.1679,0.753,151.4,114.53,1.3216,0.6916
2017-12-12,1.1738,113.54,0.992,1.3312,1.287,0.8817,133.29,1.1645,0.7558,151.13,114.43,1.3203,0.6936
2017-12-13,1.1815,112.58,0.9851,1.3409,1.2805,0.881,133.02,1.1638,0.763,150.94,114.26,1.3206,0.702
2017-12-14,1.1791,112.17,0.9874,1.344,1.2746,0.8772,132.25,1.1644,0.7672,150.72,113.57,1.3268,0.6992
2017-12-15,1.176,112.7,0.9916,1.3316,1.286,0.8831,132.55,1.1662,0.7639,150.04,113.63,1.3201,0.6993
2017-12-18,1.1779,112.59,0.9863,1.3375,1.2873,0.8805,132.64,1.1617,0.7662,150.58,114.14,1.3189,0.699
2017-12-19,1.1842,112.99,0.9858,1.338,1.2878,0.8851,133.81,1.1674,0.7662,151.15,114.6,1.3186,0.699
2017-12-20,1.1879,113.38,0.9863,1.3397,1.2832,0.8866,134.69,1.1715,0.7663,151.87,114.93,1.321,0.6978
2017-12-21,1.1872,113.31,0.9881,1.3382,1.2728,0.8871,134.53,1.1732,0.7704,151.59,114.64,1.322,0.7011
2017-12-22,1.1852,113.27,0.9892,1.3377,1.2724,0.886,134.24,1.1724,0.7713,151.46,114.46,1.3228,0.7022
2017-12-25,1.1852,113.27,0.9892,1.3377,1.2724,0.886,134.24,1.1724,0.7713,151.46,114.46,1.3228,0.7022
2017-12-26,1.1862,113.13,0.9892,1.338,1.2692,0.8865,134.21,1.1735,0.7726,151.35,114.35,1.3232,0.7031
2017-12-27,1.1895,113.27,0.9867,1.3391,1.2643,0.8882,134.75,1.1737,0.7772,151.66,114.77,1.3211,0.7065
2017-12-28,1.1946,112.87,0.9785,1.3443,1.2571,0.8886,134.86,1.1689,0.7793,151.7,115.34,1.3149,0.7085
2017-12-29,1.2013,112.62,0.9743,1.3522,1.2533,0.8883,135.31,1.1705,0.7807,152.27,115.57,1.3171,0.7093
2018-01-01,1.2013,112.62,0.9743,1.3522,1.2533,0.8883,135.31,1.1705,0.7807,152.27,115.57,1.3171,0.7093
2018-01-02,1.2053,112.27,0.9721,1.3598,1.2508,0.8864,135.33,1.1716,0.7829,152.62,115.48,1.3214,0.7108
2018-01-03,1.2021,112.43,0.9766,1.3518,1.2528,0.8892,135.16,1.1739,0.7839,151.96,115.1,1.3198,0.7103
2018-01-04,1.2067,112.75,0.9749,1.355,1.2492,0.8904,136.08,1.1764,0.786,152.77,115.65,1.3207,0.7158
2018-01-05,1.2039,113.12,0.9752,1.3566,1.2409,0.8874,136.19,1.174,0.7872,153.44,115.99,1.3226,0.718
2018-01-08,1.1961,113.1,0.9776,1.356,1.2424,0.882,135.29,1.1692,0.7839,153.33,115.67,1.3252,0.7176
2018-01-09,1.1931,112.65,0.9833,1.3531,1.2463,0.8817,134.42,1.1732,0.7819,152.41,114.54,1.3302,0.7164
2018-01-10,1.196,111.3,0.9774,1.3512,1.2534,0.8851,133.13,1.1689,0.7839,150.36,113.85,1.3202,0.7195
2018-01-11,1.204,111.06,0.9758,1.3535,1.2519,0.8894,133.72,1.1749,0.7892,150.29,113.79,1.3205,0.7252
2018-01-12,1.2198,111.03,0.9672,1.3728,1.2457,0.8886,135.5,1.1797,0.7915,152.43,114.73,1.3275,0.725
2018-01-15,1.2269,110.52,0.9627,1.3801,1.2416,0.889,135.62,1.1812,0.7968,152.49,114.78,1.3281,0.7306
2018-01-16,1.2271,110.26,0.9587,1.3794,1.242,0.8894,135.3,1.1764,0.796,152.08,114.99,1.3222,0.7276
2018-01-17,1.2224,111.12,0.9624,1.387,1.2411,0.8811,135.83,1.1764,0.8001,154.1,115.43,1.3346,0.7302
2018-01-18,1.2239,111.01,0.9584,1.3891,1.242,0.881,135.88,1.173,0.7996,154.19,115.82,1.331,0.7308
2018-01-19,1.223,110.59,0.962,1.3869,1.2481,0.8818,135.28,1.1766,0.7999,153.36,114.95,1.3337,0.7281
2018-01-22,1.2257,110.98,0.9622,1.3984,1.2455,0.8765,136.04,1.1794,0.8011,155.16,115.31,1.3452,0.7318
2018-01-23,1.2289,110.32,0.9584,1.3994,1.2426,0.8781,135.58,1.1777,0.7997,154.35,115.09,1.3408,0.7352
2018-01-24,1.2399,109.08,0.9459,1.4205,1.2325,0.8729,135.26,1.1727,0.8073,154.91,115.32,1.3431,0.7426
2018-01-25,1.2409,109.3,0.9414,1.4137,1.2367,0.8776,135.64,1.1682,0.8026,154.51,116.07,1.3306,0.7334
2018-01-26,1.2419,108.69,0.9354,1.4149,1.2321,0.8777,135,1.1617,0.8115,153.74,116.17,1.3231,0.7354
2018-01-29,1.2385,108.97,0.9371,1.4072,1.2327,0.88,134.98,1.1606,0.8094,153.34,116.26,1.3186,0.7318
2018-01-30,1.2396,108.78,0.9345,1.4144,1.2324,0.8764,134.88,1.1584,0.8078,153.82,116.38,1.3214,0.7331
2018-01-31,1.2416,109.15,0.9306,1.4203,1.2299,0.8742,135.54,1.1552,0.8056,154.99,117.28,1.3212,0.7367
2018-02-01,1.2514,109.34,0.9266,1.4268,1.2267,0.877,136.84,1.1594,0.8039,155.99,117.98,1.3218,0.7391
2018-02-02,1.2452,110.28,0.9315,1.4125,1.2386,0.8817,137.33,1.1598,0.7932,155.74,118.35,1.3154,0.7302
2018-02-05,1.2389,109.12,0.9342,1.3971,1.2523,0.8867,135.19,1.1573,0.7885,152.44,116.79,1.3047,0.7261
2018-02-06,1.2373,109.52,0.9359,1.3947,1.2496,0.8869,135.51,1.16,0.7905,152.76,116.88,1.305,0.7336
2018-02-07,1.2269,109.56,0.9438,1.387,1.2561,0.8845,134.44,1.1579,0.7821,151.96,116.07,1.3088,0.7214
2018-02-08,1.2242,108.73,0.9362,1.3899,1.261,0.8807,133.13,1.1461,0.7774,151.11,116.14,1.3009,0.7216
2018-02-09,1.2235,108.81,0.9398,1.3826,1.2586,0.8849,133.16,1.1497,0.7802,150.42,115.79,1.2989,0.7245
2018-02-12,1.229,108.68,0.9385,1.3832,1.2596,0.8884,133.59,1.1533,0.7848,150.31,115.78,1.2978,0.725
2018-02-13,1.2352,107.71,0.9344,1.3876,1.2591,0.8901,133.05,1.1542,0.7855,149.43,115.24,1.2963,0.7274
2018-02-14,1.2446,107.16,0.9307,1.3998,1.2509,0.889,133.37,1.1582,0.7918,149.98,115.12,1.3024,0.7364
2018-02-15,1.2506,106.09,0.9215,1.4097,1.2483,0.887,132.69,1.1524,0.7938,149.54,115.1,1.2987,0.7407
2018-02-16,1.2406,106.35,0.9279,1.4011,1.2556,0.8854,131.96,1.1512,0.7901,149,114.59,1.2999,0.738
2018-02-19,1.2405,106.57,0.9295,1.4003,1.2561,0.8858,132.19,1.1531,0.7913,149.2,114.64,1.3011,0.7373
2018-02-20,1.2335,107.23,0.9356,1.3985,1.2643,0.882,132.29,1.1542,0.7875,149.93,114.59,1.3081,0.7341
2018-02-21,1.2293,107.64,0.938,1.3923,1.2685,0.8829,132.34,1.1531,0.7807,149.84,114.73,1.3057,0.7321
2018-02-22,1.2326,106.69,0.9331,1.3954,1.2712,0.8832,131.52,1.1501,0.7842,148.86,114.32,1.3017,0.7341
2018-02-23,1.229,106.69,0.9363,1.3966,1.2658,0.88,131.13,1.1508,0.7831,148.96,113.92,1.3072,0.7295
2018-02-26,1.2308,106.97,0.9381,1.3963,1.268,0.8814,131.67,1.1545,0.7847,149.34,114.01,1.3095,0.7311
2018-02-27,1.2234,107.37,0.939,1.3913,1.2753,0.8792,131.37,1.1488,0.7792,149.38,114.32,1.3062,0.7236
2018-02-28,1.2199,106.65,0.9441,1.3762,1.2833,0.8864,130.11,1.1516,0.7771,146.73,112.93,1.2988,0.7208
2018-03-01,1.2255,106.22,0.9425,1.3771,1.2817,0.8897,130.19,1.1549,0.7762,146.26,112.71,1.2975,0.7258
2018-03-02,1.2324,105.64,0.9372,1.3784,1.2901,0.894,130.19,1.1549,0.7747,145.59,112.7,1.2915,0.7229
2018-03-05,1.2328,106.2,0.9403,1.3833,1.299,0.8911,130.93,1.1592,0.7761,146.89,112.92,1.3005,0.7225
2018-03-06,1.24,106.2,0.9407,1.3888,1.2897,0.8929,131.71,1.1666,0.7817,147.46,112.88,1.306,0.7293
2018-03-07,1.2403,106.04,0.9438,1.3889,1.2959,0.893,131.54,1.1707,0.7808,147.26,112.32,1.3106,0.7275
2018-03-08,1.2301,106.21,0.9517,1.3803,1.2898,0.8912,130.67,1.171,0.7787,146.57,111.6,1.3132,0.726
2018-03-09,1.2306,106.82,0.9514,1.3842,1.283,0.889,131.46,1.1708,0.7843,147.82,112.24,1.3165,0.7283
2018-03-12,1.2337,106.34,0.9466,1.3909,1.2824,0.887,131.2,1.1678,0.7874,147.87,112.32,1.3161,0.7294
2018-03-13,1.2395,106.59,0.9441,1.3975,1.294,0.8869,132.14,1.1703,0.7873,148.96,112.9,1.3191,0.7339
2018-03-14,1.2371,106.25,0.9449,1.3968,1.2944,0.8856,131.46,1.1689,0.7879,148.4,112.43,1.3195,0.7324
2018-03-15,1.2301,106.22,0.9514,1.3928,1.3056,0.8832,130.68,1.1704,0.7795,147.91,111.63,1.3247,0.7267
2018-03-16,1.2287,106.04,0.9525,1.3938,1.309,0.8814,130.31,1.1706,0.7711,147.78,111.31,1.3273,0.721
2018-03-19,1.2339,106.12,0.9503,1.4029,1.3061,0.8795,130.96,1.1726,0.7715,148.85,111.65,1.3329,0.7246
2018-03-20,1.2254,106.47,0.9553,1.4005,1.3079,0.8749,130.48,1.1707,0.7684,149.11,111.44,1.3379,0.7186
2018-03-21,1.2334,106.07,0.9502,1.4137,1.2912,0.8724,130.79,1.1719,0.7767,149.93,111.61,1.3431,0.7228
2018-03-22,1.2306,105.59,0.9503,1.4106,1.2915,0.8723,129.94,1.1695,0.7709,148.94,111.09,1.3405,0.7223
2018-03-23,1.2358,104.86,0.9467,1.4137,1.287,0.8742,129.59,1.1701,0.7703,148.23,110.74,1.3382,0.7242
2018-03-26,1.2453,105.27,0.9447,1.4227,1.2866,0.8752,131.1,1.1765,0.7733,149.78,111.43,1.244,0.7296
2018-03-27,1.2402,105.49,0.947,1.4154,1.2879,0.8761,130.84,1.1745,0.7682,149.33,111.38,1.344,0.7265
2018-03-28,1.2308,106.83,0.9572,1.4077,1.2917,0.8742,131.44,1.1781,0.7663,150.34,111.57,1.3473,0.7209
2018-03-29,1.2304,106.48,0.9563,1.4033,1.2871,0.8768,130.99,1.1765,0.7684,149.39,111.32,1.3418,0.7227
2018-03-30,1.2323,106.21,0.9528,1.4046,1.2893,0.8771,130.88,1.1743,0.7686,149.18,111.43,1.3384,0.7235
2018-04-02,1.23,105.86,0.9544,1.4042,1.2936,0.876,130.21,1.1739,0.7653,148.64,110.92,1.34,0.7213
2018-04-03,1.227,106.58,0.9588,1.406,1.2797,0.8726,130.79,1.1765,0.7687,149.87,111.15,1.3481,0.7261
2018-04-04,1.2281,106.74,0.9602,1.4075,1.2789,0.8724,131.09,1.1793,0.7706,150.23,111.12,1.3516,0.7308
2018-04-05,1.2232,107.44,0.9628,1.3996,1.2781,0.8739,131.43,1.1778,0.7684,150.37,111.59,1.3475,0.7269
2018-04-06,1.2288,106.8,0.9586,1.4086,1.2781,0.8723,131.24,1.1778,0.7671,150.44,111.4,1.3503,0.7268
2018-04-09,1.2318,106.75,0.9565,1.4128,1.2708,0.8717,131.48,1.1782,0.7698,150.81,111.58,1.3513,0.7312
2018-04-10,1.2359,107.17,0.9567,1.4181,1.2596,0.8714,132.45,1.1823,0.7764,151.99,112,1.3568,0.7372
2018-04-11,1.2362,106.91,0.958,1.4173,1.2579,0.8722,132.18,1.1844,0.7757,151.53,111.58,1.3578,0.7352
2018-04-12,1.233,107.19,0.9619,1.4224,1.2586,0.8667,132.16,1.1863,0.7755,152.48,111.42,1.3684,0.7379
2018-04-13,1.2338,107.37,0.9618,1.4239,1.2614,0.8663,132.45,1.1868,0.7765,152.87,111.59,1.3695,0.735
2018-04-16,1.2375,107.11,0.9599,1.4327,1.2571,0.8637,132.56,1.1878,0.7777,153.43,111.57,1.3748,0.7356
2018-04-17,1.2364,107.01,0.9661,1.4289,1.2546,0.8652,132.32,1.1945,0.7768,152.87,110.77,1.38,0.7337
2018-04-18,1.2372,107.3,0.9685,1.42,1.2629,0.8713,132.77,1.1982,0.7781,152.34,110.77,1.3749,0.7321
2018-04-19,1.2345,107.39,0.9713,1.4088,1.2664,0.8762,132.58,1.1991,0.7727,151.26,110.56,1.3681,0.7264
2018-04-20,1.2281,107.57,0.9749,1.4011,1.2748,0.8764,132.12,1.1972,0.7663,150.7,110.32,1.3656,0.72
2018-04-23,1.2205,108.42,0.9765,1.3935,1.2829,0.8757,132.6,1.1944,0.7601,151.37,110.99,1.3632,0.7148
2018-04-24,1.2236,108.42,0.9765,1.3971,1.2829,0.8758,132.98,1.1944,0.7596,151.8,110.99,1.3668,0.7116
2018-04-25,1.2175,108.42,0.9765,1.3937,1.2829,0.8734,133.13,1.1944,0.7565,152.37,110.99,1.3696,0.7064
2018-04-26,1.2105,108.42,0.9765,1.3925,1.2829,0.8693,132.4,1.1944,0.7551,152.25,110.99,1.3771,0.7066
2018-04-27,1.2123,108.42,0.9765,1.3785,1.2829,0.8793,132.17,1.1944,0.7579,150.26,110.99,1.3613,0.7085
2018-04-30,1.2082,108.42,0.9765,1.3752,1.2829,0.8785,132.07,1.1944,0.7527,150.28,110.99,1.3617,0.7036
2018-05-01,1.1995,108.42,0.9765,1.3615,1.2829,0.8808,131.74,1.1944,0.749,149.5,110.99,1.3564,0.7002
2018-05-02,1.1946,108.42,0.9765,1.3565,1.2829,0.8806,131.3,1.1944,0.749,149.03,110.99,1.3553,0.6992
2018-05-03,1.1994,108.42,0.9765,1.3571,1.2829,0.8838,130.98,1.1944,0.753,148.16,110.99,1.353,0.7041
2018-05-04,1.1962,108.42,0.9765,1.3545,1.2829,0.8831,130.54,1.1944,0.7534,147.77,110.99,1.3547,0.7017
2018-05-07,1.1924,108.42,0.9765,1.356,1.2829,0.8793,130.07,1.1944,0.7515,147.87,110.99,1.3592,0.7017
2018-05-08,1.1859,108.42,0.9765,1.3536,1.2829,0.876,129.27,1.1944,0.7448,147.52,110.99,1.3558,0.6965
2018-05-09,1.186,109.69,1.0046,1.3555,1.2843,0.875,130.1,1.1919,0.7463,148.67,109.16,1.3621,0.6988
2018-05-10,1.1923,109.36,1.0022,1.3517,1.276,0.882,130.4,1.195,0.7537,147.83,109.11,1.3547,0.6967
2018-05-11,1.1945,109.28,1.0008,1.3545,1.2785,0.8818,130.53,1.1953,0.7545,148.02,109.18,1.3555,0.6966
2018-05-14,1.1943,109.6,0.9998,1.35633,1.27973,0.87986,0.87986,1.19386,0.75291,148.81,109.663,1.3568,0.69116
2018-05-15,1.1847,110.27,1.0017,1.34973,1.28625,0.87615,0.87615,1.18305,0.74672,148.817,110.206,1.35017,0.68714
2018-05-16,1.1798,110.26,1.0011,1.35621,1.2755,0.87229,0.87229,1.18212,0.75437,149.398,110.243,1.35498,0.69271
2018-05-17,1.1796,110.79,1.0011,1.35126,1.28247,0.87334,0.87334,1.18119,0.75103,149.957,110.872,1.35237,0.68883
2018-05-18,1.1775,110.68,0.9974,1.34686,1.28838,0.87382,0.87382,1.17408,0.75096,149.181,110.989,1.34354,0.69187
2018-05-21,1.1772,111.11,0.9976,1.34318,1.28753,0.87798,0.87798,1.17428,0.75235,149.176,111.089,1.34269,0.69006
2018-05-22,1.1781,110.96,0.9926,1.34184,1.27788,0.87648,0.87648,1.17455,0.75795,148.812,111.236,1.33771,0.69414
2018-05-23,1.1707,110.05,0.9956,1.34099,1.28514,0.87615,0.87615,1.16759,0.75452,148.125,111.193,1.332,0.69005
2018-05-24,1.1725,109.32,0.9915,1.33597,1.28485,0.87572,0.87572,1.16341,0.75655,146.447,110.284,1.32776,0.6928
2018-05-25,1.1668,109.38,0.9918,1.33696,1.29037,0.87615,0.87615,1.16176,0.75668,146.488,110.412,1.32654,0.69267
2018-05-28,1.1629,109.43,0.9934,1.32955,1.29733,0.87281,0.87281,1.1533,0.75475,145.429,110.475,1.31591,0.69169
2018-05-29,1.1533,108.41,0.989,1.33186,1.29905,0.86989,0.86989,1.1613,0.75654,145.759,110.316,1.32111,0.69439
2018-05-30,1.1654,108.92,0.9895,1.33167,1.2987,0.8767,0.8767,1.1541,0.75289,145.175,109.79,1.32214,0.69397
2018-05-31,1.1685,108.67,0.9851,1.32496,1.30247,0.88053,0.88053,1.14375,0.74906,143.901,109.439,1.31474,0.69074
2018-06-01,1.166,109.53,0.9881,1.32966,1.28777,0.8734,0.8734,1.15219,0.75578,144.449,109.908,1.31412,0.69734
2018-06-04,1.17,109.69,0.9876,1.32692,1.29528,0.87843,0.87843,1.15344,0.75602,144.85,110.575,1.30986,0.70073
2018-06-05,1.1716,109.73,0.9843,1.33474,1.2951,0.87434,0.87434,1.1517,0.7568,146.176,110.85,1.31845,0.69829
2018-06-06,1.1767,110.22,0.9859,1.33699,1.29405,0.87809,0.87809,1.15508,0.76008,146.567,110.903,1.32141,0.70036
2018-06-07,1.1813,109.74,0.9802,1.33072,1.29306,0.8792,0.8792,1.15555,0.76344,146.227,111.152,1.31539,0.70319
2018-06-08,1.1768,109.47,0.9852,1.3407,1.29434,0.87724,0.87724,1.1533,0.76524,147.252,111.629,1.31896,0.70405
2018-06-11,1.1784,110.03,0.9852,1.3425,1.2944,0.88049,0.88049,1.16207,0.76485,147.571,111.508,1.3233,0.70355
2018-06-12,1.1748,110.36,0.9863,1.34197,1.29808,0.87879,0.87879,1.15705,0.76164,147.327,111.942,1.31593,0.70257
2018-06-13,1.1784,110.52,0.9857,1.34063,1.29248,0.8814,0.8814,1.15925,0.75964,146.826,111.167,1.32042,0.70289
2018-06-14,1.1597,110.58,0.9964,1.32465,1.31296,0.87288,0.87288,1.15345,0.74613,146.645,110.96,1.32134,0.69506
2018-06-15,1.1613,110.59,0.9969,1.32735,1.31727,0.87347,0.87347,1.1573,0.7439,146.877,110.833,1.32366,0.69349
2018-06-18,1.1614,110.5,0.9946,1.3241,1.3213,0.8771,128.35,1.1554,0.7417,146.33,111.08,1.3172,0.693
2018-06-19,1.1571,110.06,0.9951,1.3168,1.3283,0.8787,127.36,1.1515,0.7373,144.93,110.59,1.3101,0.6896
2018-06-20,1.1584,110.39,0.9958,1.3184,1.3318,0.8786,127.89,1.1538,0.7369,145.54,110.82,1.3129,0.6861
2018-06-21,1.162,109.87,0.9907,1.3249,1.3305,0.8768,127.67,1.1512,0.7389,145.58,110.87,1.3128,0.6881
2018-06-22,1.1659,109.9,0.9877,1.3259,1.3282,0.8793,128.15,1.1516,0.7439,145.72,111.26,1.3094,0.6915
2018-06-25,1.1707,109.39,0.9856,1.3282,1.3298,0.8814,128.08,1.1541,0.7405,145.3,110.98,1.3092,0.6899
2018-06-26,1.1649,110.06,0.9908,1.3231,1.3302,0.8803,128.21,1.1544,0.739,145.62,111.06,1.311,0.6852
2018-06-27,1.1546,110.3,0.9973,1.3117,1.3358,0.8802,127.36,1.1517,0.7334,144.69,110.58,1.3085,0.6786
2018-06-28,1.1558,110.61,0.9983,1.307,1.3269,0.8842,127.85,1.1539,0.7345,144.56,110.8,1.3048,0.6748
2018-06-29,1.1672,110.86,0.991,1.3189,1.3158,0.8848,129.4,1.1569,0.7394,146.23,111.85,1.3073,0.6766
2018-07-02,1.1642,110.83,0.9934,1.3142,1.3189,0.8857,129.04,1.1564,0.7336,145.66,111.57,1.3054,0.6711
2018-07-03,1.1652,110.53,0.9926,1.3165,1.3163,0.8849,128.79,1.1567,0.7372,145.52,111.33,1.3068,0.6743
2018-07-04,1.1647,110.5,0.9931,1.3215,1.3142,0.8813,128.71,1.1568,0.7381,146.04,111.26,1.3125,0.6763
2018-07-05,1.168,110.67,0.9942,1.3213,1.3144,0.8838,129.27,1.161,0.738,146.26,111.32,1.3136,0.6781
2018-07-06,1.1742,110.46,0.99,1.3267,1.3103,0.8849,129.7,1.1625,0.7423,146.55,111.57,1.3135,0.6835
2018-07-09,1.1749,110.81,0.9918,1.3254,1.3108,0.8862,130.19,1.1653,0.7468,146.87,111.72,1.3147,0.6842
2018-07-10,1.1743,111.27,0.9923,1.3264,1.3121,0.8853,130.66,1.1653,0.7464,147.61,112.13,1.3163,0.6838
2018-07-11,1.1675,111.99,0.9957,1.3213,1.3193,0.8835,130.75,1.1625,0.7376,147.98,112.44,1.3156,0.6764
2018-07-12,1.1666,112.5,1.0026,1.3207,1.3171,0.8832,131.27,1.1698,0.7402,148.59,112.22,1.3242,0.677
2018-07-13,1.1677,112.31,1.002,1.3227,1.3159,0.8827,131.15,1.17,0.7414,148.56,112.09,1.3252,0.6761
2018-07-16,1.1713,112.27,0.9966,1.3231,1.3143,0.8851,131.52,1.1674,0.7416,148.56,112.66,1.3186,0.6769
2018-07-17,1.166,112.84,0.9994,1.3122,1.3191,0.8885,131.58,1.1653,0.7389,148.08,112.91,1.3113,0.6785
2018-07-18,1.1647,112.85,0.999,1.3061,1.3174,0.8916,131.42,1.1636,0.7401,147.4,112.95,1.305,0.6797
2018-07-19,1.1643,112.45,0.9987,1.3014,1.3253,0.8945,130.93,1.1628,0.7357,146.35,112.58,1.2997,0.6743
2018-07-20,1.1723,111.55,0.9925,1.3129,1.3132,0.8927,130.76,1.1637,0.7421,146.46,112.37,1.3031,0.681
2018-07-23,1.169,111.48,0.993,1.31,1.3174,0.8923,130.33,1.161,0.7379,146.03,112.25,1.301,0.6782
2018-07-24,1.1682,111.19,0.9938,1.3137,1.3158,0.8892,129.91,1.1611,0.7416,146.1,111.86,1.3059,0.6799
2018-07-25,1.1732,110.95,0.9913,1.3191,1.3039,0.8893,130.18,1.1631,0.7453,146.36,111.9,1.3077,0.6839
2018-07-26,1.1645,111.24,0.9945,1.311,1.3067,0.8881,129.54,1.1581,0.7378,145.82,111.84,1.304,0.6787
2018-07-27,1.1656,111,0.9942,1.311,1.3067,0.889,129.38,1.1588,0.7401,145.52,111.63,1.3036,0.6794
2018-07-30,1.1709,111.01,0.9878,1.3134,1.3023,0.8914,129.99,1.1568,0.7408,145.81,112.36,1.2975,0.6826
2018-07-31,1.1698,111.82,0.9898,1.3125,1.2994,0.8911,130.8,1.158,0.7438,146.77,112.94,1.2993,0.6821
2018-08-01,1.1662,111.56,0.9917,1.3128,1.2991,0.8883,130.11,1.1566,0.74,146.46,112.48,1.3017,0.6792
2018-08-02,1.1586,111.69,0.9954,1.3017,1.3025,0.89,129.41,1.1534,0.7362,145.4,112.2,1.2958,0.674
2018-08-03,1.1575,111.25,0.994,1.3004,1.2981,0.89,128.78,1.1506,0.7401,144.68,111.91,1.2926,0.6751
2018-08-06,1.1555,111.39,0.9964,1.2943,1.3003,0.8927,128.71,1.1513,0.739,144.17,111.77,1.2896,0.6732
2018-08-07,1.1594,111.41,0.9953,1.2936,1.3066,0.8962,129.17,1.1539,0.7421,144.11,111.94,1.2873,0.6733
2018-08-08,1.1618,110.97,0.9929,1.289,1.3009,0.9011,128.92,1.1536,0.7438,143.05,111.74,1.2798,0.6756
2018-08-09,1.1536,111.03,0.9931,1.2844,1.3038,0.8982,128.12,1.1457,0.7385,142.61,111.81,1.2754,0.662
2018-08-10,1.1403,110.73,0.9948,1.2763,1.3136,0.8933,126.27,1.1345,0.7291,141.33,111.26,1.2698,0.6576
2018-08-13,1.1392,110.67,0.9935,1.2751,1.3145,0.8932,126.08,1.1318,0.7259,141.12,111.38,1.267,0.6569
2018-08-14,1.1341,111.2,0.9942,1.2712,1.308,0.892,126.12,1.1277,0.7236,141.38,111.84,1.2641,0.6571
2018-08-15,1.1351,110.64,0.9926,1.2702,1.3132,0.8936,125.59,1.1267,0.7239,140.55,111.46,1.2608,0.6563
2018-08-16,1.1367,110.87,0.9961,1.2712,1.3158,0.8941,126.03,1.1324,0.7262,140.93,111.28,1.2662,0.6587
2018-08-17,1.1438,110.58,0.9948,1.2745,1.3055,0.8972,126.48,1.1378,0.7313,140.96,111.14,1.2681,0.6629
2018-08-20,1.1465,110.23,0.9923,1.2781,1.3054,0.8969,126.38,1.1377,0.7327,140.91,111.07,1.2686,0.6631
2018-08-21,1.1572,110.42,0.9854,1.2901,1.3045,0.8969,127.77,1.1404,0.7364,142.46,112.03,1.2713,0.6686
2018-08-22,1.1589,110.56,0.9835,1.2904,1.3022,0.898,128.14,1.1397,0.7348,142.68,112.41,1.2691,0.6695
2018-08-23,1.1537,111.23,0.9859,1.2814,1.3085,0.9003,128.34,1.1375,0.7247,142.53,112.81,1.2632,0.6636
2018-08-24,1.1626,111.17,0.9821,1.2863,1.3018,0.9041,129.3,1.1422,0.7333,142.99,113.19,1.2632,0.6694
2018-08-27,1.1678,111.1,0.9794,1.2892,1.2964,0.9057,129.73,1.1438,0.7345,143.23,113.41,1.2627,0.6695
2018-08-28,1.1696,111.22,0.9765,1.2869,1.2931,0.9088,130.07,1.1423,0.7335,143.11,113.87,1.2567,0.6709
2018-08-29,1.1699,111.68,0.9711,1.3021,1.2922,0.8985,130.66,1.1364,0.7299,145.41,114.97,1.2644,0.6708
2018-08-30,1.1664,111.07,0.9697,1.3012,1.2994,0.8964,129.57,1.1312,0.7258,144.54,114.53,1.2619,0.6642
2018-08-31,1.1603,111,0.9692,1.296,1.3043,0.8953,128.8,1.1247,0.7184,143.86,114.5,1.256,0.6612
2018-09-03,1.1616,111.03,0.969,1.2879,1.3095,0.9018,128.98,1.1257,0.7213,142.99,114.56,1.2481,0.6603
2018-09-04,1.1576,111.47,0.9745,1.2855,1.3176,0.9005,129.05,1.1283,0.7177,143.31,114.38,1.253,0.6552
2018-09-05,1.1626,111.52,0.9719,1.2903,1.318,0.9009,129.66,1.1301,0.7189,143.89,114.72,1.2541,0.659
2018-09-06,1.1625,110.91,0.9663,1.2934,1.3138,0.8987,128.94,1.1233,0.72,143.47,114.75,1.25,0.6593
2018-09-07,1.1563,111.09,0.969,1.2922,1.317,0.8947,128.46,1.1206,0.7108,143.56,114.63,1.2523,0.6536
2018-09-10,1.1594,111.19,0.975,1.3026,1.3161,0.89,128.92,1.1306,0.7108,144.85,114.03,1.2701,0.6521
2018-09-11,1.1586,111.56,0.9733,1.3009,1.3129,0.8905,129.26,1.1279,0.7101,145.13,114.59,1.2663,0.6506
2018-09-12,1.1626,111.24,0.9703,1.3048,1.2995,0.8909,129.35,1.1281,0.7175,145.15,114.64,1.2659,0.6562
2018-09-13,1.1692,111.85,0.9658,1.311,1.2993,0.8917,130.78,1.1292,0.7192,146.64,115.81,1.2662,0.6571
2018-09-14,1.1631,112.01,0.9668,1.3065,1.3032,0.8902,130.3,1.1245,0.7161,146.36,115.86,1.2631,0.6551
2018-09-17,1.1683,111.86,0.9623,1.3161,1.3026,0.8877,130.7,1.1243,0.7177,147.22,116.24,1.2664,0.6577
2018-09-18,1.1665,112.35,0.9652,1.3135,1.2982,0.8879,131.05,1.1259,0.7213,147.59,116.39,1.2678,0.6584
2018-09-19,1.1673,112.23,0.9669,1.3142,1.2923,0.8882,131.02,1.1287,0.7263,147.52,116.06,1.2707,0.6616
2018-09-20,1.1774,112.47,0.9595,1.3266,1.2915,0.8874,132.44,1.1298,0.729,149.21,117.2,1.273,0.6688
2018-09-21,1.175,112.54,0.9588,1.3079,1.2914,0.8983,132.25,1.1265,0.7284,147.21,117.39,1.254,0.6678
2018-09-24,1.1757,112.71,0.9633,1.3118,1.2943,0.896,132.51,1.1324,0.7256,147.88,117,1.2637,0.6643
2018-09-25,1.1768,112.94,0.9648,1.3188,1.2947,0.8924,132.92,1.1356,0.7249,148.96,117.04,1.2725,0.6651
2018-09-26,1.1762,112.84,0.9647,1.3183,1.3002,0.8921,132.71,1.1347,0.7276,148.75,116.95,1.2715,0.6666
2018-09-27,1.165,113.38,0.9763,1.3077,1.304,0.8908,132.11,1.1376,0.7209,148.28,116.13,1.2768,0.6614
2018-09-28,1.1614,113.58,0.9785,1.3042,1.2926,0.8904,131.92,1.1365,0.7224,148.13,116.06,1.2761,0.6628
2018-10-01,1.1574,113.97,0.9838,1.3037,1.2789,0.8878,131.9,1.1388,0.7226,148.58,115.82,1.2826,0.6614
2018-10-02,1.1542,113.63,0.9847,1.2976,1.2819,0.8893,131.16,1.1366,0.7184,147.45,115.38,1.2777,0.6594
2018-10-03,1.1516,114.31,0.9896,1.2976,1.2844,0.8874,131.65,1.1397,0.712,148.33,115.49,1.2841,0.653
2018-10-04,1.1512,113.85,0.9924,1.3025,1.2923,0.8837,131.06,1.1423,0.7075,148.28,114.71,1.2926,0.6479
2018-10-05,1.1524,113.78,0.9918,1.3107,1.2939,0.8791,131.13,1.143,0.705,149.13,114.7,1.3002,0.6438
2018-10-08,1.1489,112.97,0.9926,1.309,1.2954,0.8777,129.79,1.1404,0.7078,147.89,113.8,1.2995,0.6449
2018-10-09,1.1496,113.04,0.9922,1.3145,1.2944,0.8744,129.96,1.1406,0.7098,148.6,113.92,1.3041,0.6465
2018-10-10,1.1524,112.53,0.9918,1.3196,1.3035,0.8732,129.69,1.1431,0.7082,148.5,113.44,1.3089,0.6463
2018-10-11,1.1593,111.95,0.9892,1.323,1.305,0.8761,129.78,1.1466,0.7102,148.11,113.19,1.3085,0.6519
2018-10-12,1.1559,111.94,0.9909,1.3153,1.3047,0.8787,129.39,1.1454,0.7103,147.25,112.95,1.3036,0.6503
2018-10-15,1.1583,111.88,0.9872,1.3153,1.2986,0.8805,129.6,1.1437,0.7139,147.16,113.31,1.2985,0.6549
2018-10-16,1.1578,112.17,0.9899,1.319,1.2939,0.8777,129.87,1.1461,0.7139,147.95,113.3,1.3056,0.659
2018-10-17,1.1507,112.49,0.9948,1.3121,1.3011,0.8768,129.44,1.1447,0.7115,147.59,113.07,1.3052,0.6559
2018-10-18,1.1464,112.16,0.9952,1.3029,1.3079,0.8798,128.59,1.141,0.7107,146.14,112.68,1.2969,0.6548
2018-10-19,1.1511,112.57,0.997,1.3066,1.3114,0.8809,129.58,1.1477,0.7121,147.08,112.89,1.3026,0.6588
2018-10-22,1.1468,112.82,0.996,1.2972,1.3099,0.884,129.39,1.1423,0.7084,146.35,113.27,1.292,0.6552
2018-10-23,1.1469,112.46,0.9954,1.2983,1.3088,0.8832,128.97,1.1416,0.7085,146.02,112.96,1.2925,0.6556
2018-10-24,1.1387,112.38,0.9972,1.288,1.3023,0.8841,127.97,1.1355,0.7063,144.73,112.68,1.2842,0.6521
2018-10-25,1.1362,112.58,1.0003,1.2823,1.3078,0.886,127.92,1.1366,0.7082,144.37,112.54,1.2827,0.6517
2018-10-26,1.1405,111.77,0.9972,1.2831,1.309,0.8888,127.49,1.1373,0.7091,143.41,112.08,1.2793,0.6521
2018-10-29,1.1392,112.38,1.0009,1.2806,1.3124,0.8895,128.03,1.1401,0.7063,143.91,112.27,1.2817,0.6529
2018-10-30,1.1343,112.92,1.0049,1.27,1.3132,0.893,128.09,1.14,0.7099,143.41,112.35,1.2765,0.655
2018-10-31,1.1314,113.02,1.0082,1.2765,1.3168,0.8863,127.88,1.1408,0.7073,144.28,112.1,1.2871,0.6519
2018-11-01,1.1407,112.72,1.0022,1.3015,1.3088,0.8763,128.58,1.1432,0.7203,146.72,112.47,1.3043,0.6654
2018-11-02,1.138,113.28,1.0046,1.2963,1.3112,0.8778,128.91,1.1435,0.7188,146.84,112.72,1.3024,0.6638
2018-11-05,1.141,113.2,1.0042,1.3044,1.3105,0.8746,129.17,1.1459,0.7212,147.68,112.71,1.3101,0.6669
2018-11-06,1.1412,113.45,1.0032,1.309,1.3136,0.8717,129.47,1.1449,0.7218,148.51,113.06,1.3132,0.6668
2018-11-07,1.1456,113.35,1.0003,1.315,1.3101,0.8712,129.84,1.1458,0.7284,149.05,113.3,1.3153,0.6788
2018-11-08,1.1364,113.95,1.0063,1.3057,1.3171,0.8702,129.5,1.1436,0.7254,148.78,113.21,1.3139,0.6746
2018-11-09,1.133,113.81,1.0059,1.2959,1.3205,0.8742,128.97,1.1399,0.7223,147.52,113.14,1.3038,0.6734
2018-11-12,1.1241,113.8,1.0097,1.2849,1.3225,0.8748,127.94,1.1351,0.719,146.24,112.69,1.2975,0.6723
2018-11-13,1.1273,113.78,1.008,1.2956,1.3248,0.87,128.28,1.1365,0.7206,147.42,112.86,1.306,0.6755
2018-11-14,1.1336,113.54,1.0046,1.3019,1.3224,0.8704,128.7,1.1387,0.7246,147.83,112.99,1.308,0.6804
2018-11-15,1.1348,113.58,1.0057,1.2789,1.317,0.8871,128.88,1.1413,0.7289,145.27,112.91,1.2864,0.6837
2018-11-16,1.1409,112.86,0.9999,1.2832,1.3153,0.8891,128.77,1.1409,0.733,144.81,112.86,1.2829,0.688
2018-11-19,1.1454,112.54,0.9934,1.2854,1.3177,0.8909,128.91,1.138,0.7291,144.67,113.27,1.2769,0.6835
2018-11-20,1.1364,112.68,0.9952,1.2785,1.331,0.8888,128.09,1.131,0.7216,144.07,113.23,1.2723,0.6792
2018-11-21,1.1391,113.07,0.9941,1.2779,1.3251,0.8912,128.82,1.1324,0.7264,144.52,113.75,1.2705,0.6837
2018-11-22,1.1406,112.96,0.9948,1.2869,1.3216,0.8862,128.84,1.1347,0.7245,145.38,113.54,1.2804,0.6807
2018-11-23,1.1332,112.83,0.9977,1.281,1.3219,0.8847,127.86,1.1308,0.7227,144.53,113.07,1.2781,0.6774
2018-11-26,1.1329,113.63,0.9989,1.2809,1.3243,0.8845,128.73,1.1318,0.7227,145.53,113.73,1.2796,0.6783
2018-11-27,1.1291,113.78,0.9986,1.2731,1.3296,0.887,128.48,1.1278,0.7224,144.85,113.92,1.2713,0.679
2018-11-28,1.137,113.56,0.9933,1.2832,1.3273,0.886,129.13,1.1294,0.731,145.72,114.32,1.2746,0.6875
2018-11-29,1.1383,113.43,0.9963,1.278,1.3271,0.8906,129.13,1.1342,0.7318,144.99,113.83,1.2735,0.6858
2018-11-30,1.1311,113.61,0.9997,1.2744,1.3289,0.8875,128.51,1.1306,0.7301,144.79,113.66,1.2738,0.6867
2018-12-03,1.134,113.67,0.9987,1.2724,1.3214,0.8912,128.91,1.1327,0.7349,144.63,113.8,1.2709,0.6919
2018-12-04,1.1342,112.78,0.9975,1.2715,1.3244,0.8918,127.93,1.1314,0.7338,143.43,113.07,1.2685,0.6927
2018-12-05,1.1347,113.13,0.9981,1.2745,1.3382,0.8901,128.36,1.1325,0.7265,144.19,113.33,1.2721,0.6905
2018-12-06,1.138,112.52,0.9925,1.2782,1.3394,0.8901,128.05,1.1294,0.722,143.84,113.36,1.2685,0.6868
2018-12-07,1.1412,112.63,0.9896,1.2748,1.3298,0.8951,128.54,1.1294,0.7205,143.61,113.81,1.2616,0.6862
2018-12-10,1.1352,113.17,0.9896,1.2555,1.3406,0.9041,128.49,1.1236,0.7186,142.1,114.34,1.2426,0.6871
2018-12-11,1.1326,113.41,0.9926,1.253,1.3394,0.9038,128.45,1.1243,0.7207,142.1,114.25,1.2438,0.6877
2018-12-12,1.1366,113.21,0.9925,1.2632,1.3352,0.8998,128.68,1.1282,0.7218,143,114.04,1.2538,0.6853
2018-12-13,1.1366,113.6,0.9934,1.2658,1.3356,0.8979,129.13,1.1292,0.7225,143.79,114.34,1.2574,0.6861
2018-12-14,1.1306,113.27,0.9976,1.2581,1.3372,0.8985,128.06,1.1278,0.7178,142.52,113.53,1.2551,0.68
2018-12-17,1.1348,112.75,0.9926,1.2624,1.3413,0.8989,127.95,1.1264,0.7176,142.33,113.58,1.2529,0.6806
2018-12-18,1.1353,112.6,0.9932,1.2625,1.3489,0.8993,127.84,1.1278,0.7167,142.15,113.34,1.2541,0.6843
2018-12-19,1.1379,112.36,0.9939,1.262,1.3491,0.9015,127.88,1.1309,0.7109,141.81,113.03,1.2544,0.6799
2018-12-20,1.1469,111.12,0.9869,1.2671,1.3494,0.9051,127.47,1.1319,0.7119,140.8,112.59,1.2506,0.6779
2018-12-21,1.1371,111.3,0.9947,1.2635,1.3588,0.8999,126.55,1.1312,0.7049,140.62,111.87,1.257,0.6711
2018-12-24,1.1415,110.45,0.9888,1.2722,1.3588,0.8971,126.05,1.1288,0.7054,140.49,111.66,1.2579,0.6725
2018-12-25,1.1398,110.25,0.9814,1.2737,1.3696,0.8949,125.68,1.1389,0.7048,140.41,110.35,1.2501,0.6739
2018-12-26,1.1355,111.17,0.9948,1.2635,1.3583,0.8986,126.25,1.1297,0.7056,140.46,111.73,1.2569,0.6721
2018-12-27,1.1445,110.71,0.9867,1.2644,1.3636,0.9051,126.79,1.1294,0.7026,140.02,112.24,1.2476,0.6701
2018-12-28,1.1441,110.39,0.9856,1.2694,1.3633,0.9013,126.34,1.1278,0.7044,140.14,112.01,1.2512,0.6703
2018-12-31,1.1445,109.59,0.9838,1.274,1.3639,0.8983,125.59,1.1261,0.7043,139.76,111.5,1.2535,0.6706
2019-01-01,1.1424,109.64,0.9816,1.2724,1.3582,0.8977,125.25,1.1214,0.7065,139.51,111.64,1.249,0.6706
2019-01-02,1.1341,109.27,0.9909,1.2607,1.3582,0.8991,123.9,1.1238,0.6995,137.77,110.22,1.2492,0.6657
2019-01-03,1.1396,107.56,0.9874,1.2632,1.348,0.9018,122.59,1.1254,0.7002,135.88,108.9,1.2476,0.6693
2019-01-04,1.1396,108.47,0.986,1.274,1.34,0.8944,123.64,1.1237,0.7114,138.19,109.99,1.256,0.6742
2019-01-07,1.1476,108.64,0.9796,1.2768,1.3294,0.8986,124.69,1.1242,0.7142,138.71,110.86,1.2508,0.6751
2019-01-08,1.1439,108.65,0.9812,1.2712,1.3273,0.8998,124.28,1.1224,0.714,138.14,110.72,1.2472,0.6723
2019-01-09,1.154,108.28,0.9751,1.2793,1.3215,0.9017,124.95,1.1254,0.7183,138.51,111.01,1.2473,0.6797
2019-01-10,1.1497,108.41,0.984,1.2745,1.3228,0.902,124.65,1.1313,0.7181,138.18,110.16,1.254,0.6779
2019-01-11,1.1462,108.49,0.9842,1.2843,1.3266,0.8923,124.35,1.1281,0.7204,139.34,110.2,1.2638,0.6831
2019-01-14,1.1464,108.19,0.9811,1.2864,1.3266,0.8911,124.04,1.1248,0.7198,139.16,110.24,1.2621,0.6823
2019-01-15,1.1407,108.57,0.9879,1.284,1.3276,0.888,123.85,1.127,0.7193,139.4,109.86,1.2686,0.6815
2019-01-16,1.1399,108.97,0.99,1.2883,1.3235,0.8848,124.23,1.1287,0.7182,140.37,110.03,1.2755,0.6787
2019-01-17,1.139,109.32,0.9935,1.2993,1.3254,0.8764,124.55,1.1315,0.721,142.04,110,1.2913,0.6776
2019-01-18,1.1363,109.76,0.9956,1.2862,1.3275,0.8832,124.71,1.1311,0.7165,141.16,110.22,1.2804,0.6742
2019-01-21,1.1368,109.61,0.997,1.2896,1.3292,0.8814,124.6,1.1333,0.7158,141.35,109.93,1.2856,0.6731
2019-01-22,1.1361,109.24,0.9969,1.2961,1.3345,0.8766,124.14,1.1327,0.7119,141.6,109.55,1.2922,0.6722
2019-01-23,1.1381,109.58,0.9945,1.3063,1.3345,0.8712,124.71,1.132,0.714,143.14,110.16,1.2989,0.6789
2019-01-24,1.13,109.65,0.996,1.305,1.3351,0.8657,123.94,1.1262,0.7088,143.13,110.03,1.3004,0.676
2019-01-25,1.1406,109.72,0.9925,1.3191,1.325,0.8643,125.12,1.1323,0.7176,144.77,110.47,1.3099,0.6841
2019-01-28,1.1426,109.34,0.9914,1.3158,1.3252,0.8685,124.95,1.1331,0.7163,143.85,110.23,1.3047,0.6826
2019-01-29,1.1433,109.34,0.9945,1.3076,1.328,0.8741,125.01,1.1372,0.715,142.95,109.89,1.3003,0.683
2019-01-30,1.148,108.92,0.994,1.3108,1.3159,0.8755,125.06,1.1418,0.7247,142.77,109.49,1.3035,0.6893
2019-01-31,1.1443,108.85,0.994,1.311,1.3129,0.8727,124.57,1.1379,0.7261,142.7,109.42,1.3037,0.6904
2019-02-01,1.1459,109.48,0.9942,1.308,1.3085,0.876,125.45,1.1403,0.7249,143.18,110.01,1.3012,0.6896
2019-02-04,1.1433,109.89,0.9978,1.304,1.3123,0.8767,125.64,1.1411,0.7221,143.3,110.09,1.3015,0.6883
2019-02-05,1.141,109.95,0.9997,1.2954,1.3142,0.8808,125.46,1.1411,0.7229,142.44,109.93,1.2955,0.689
2019-02-06,1.1363,109.96,1.0023,1.2935,1.3201,0.8783,124.94,1.1389,0.7112,142.22,109.66,1.2964,0.6831
2019-02-07,1.1351,109.8,1.0022,1.2955,1.3301,0.8758,124.63,1.1369,0.71,142.25,109.61,1.2975,0.6754
2019-02-08,1.1324,109.77,1.0008,1.2933,1.3268,0.8753,124.29,1.1322,0.7085,141.99,109.76,1.2935,0.6748
2019-02-11,1.1276,110.41,1.0037,1.2856,1.3296,0.8768,124.49,1.1319,0.7062,141.93,109.94,1.2905,0.6728
2019-02-12,1.1332,110.48,1.0064,1.2897,1.3235,0.8783,125.19,1.1399,0.7099,142.48,109.8,1.2975,0.6737
2019-02-13,1.1266,111,1.0091,1.2846,1.3258,0.8767,125.03,1.1365,0.7086,142.6,109.99,1.2962,0.6793
2019-02-14,1.1299,110.52,1.0049,1.2803,1.3273,0.8823,124.89,1.1349,0.7103,141.51,109.99,1.2857,0.6839
2019-02-15,1.1298,110.41,1.005,1.2887,1.3251,0.8764,124.74,1.1353,0.7138,142.31,109.85,1.2951,0.6863
2019-02-18,1.1308,110.58,1.0039,1.2926,1.3232,0.8746,125.03,1.1354,0.7129,142.92,110.11,1.2978,0.6846
2019-02-19,1.1335,110.65,1.0009,1.3065,1.3211,0.8675,125.42,1.1348,0.7166,144.59,110.53,1.308,0.688
2019-02-20,1.1347,110.78,1.0088,1.3059,1.3158,0.8687,125.69,1.1347,0.7168,144.67,110.77,1.3059,0.6863
2019-02-21,1.1328,110.76,1.0008,1.303,1.3211,0.8692,125.47,1.1349,0.7081,144.33,110.55,1.3053,0.6804
2019-02-22,1.1333,110.67,1.0001,1.3048,1.3143,0.8684,125.42,1.1333,0.7134,144.38,110.64,1.3046,0.6844
2019-02-25,1.1362,111.08,1.0001,1.3101,1.3185,0.8671,126.23,1.1362,0.7175,145.53,111.04,1.3101,0.6885
2019-02-26,1.1394,110.53,0.9991,1.3272,1.3171,0.8584,125.95,1.1382,0.7192,146.68,110.59,1.326,0.6897
2019-02-27,1.137,111.03,1.0011,1.3307,1.3147,0.854,126.22,1.1379,0.7137,147.73,110.87,1.3321,0.6838
2019-02-28,1.1374,111.42,0.9976,1.3262,1.3145,0.8576,126.74,1.135,0.7096,147.75,111.67,1.323,0.6809
2019-03-01,1.1356,111.99,0.9994,1.3173,1.3296,0.862,127.16,1.1352,0.7074,147.51,112,1.3165,0.6797
2019-03-04,1.1328,111.71,0.9994,1.3169,1.3317,0.86,126.57,1.1324,0.7086,147.11,111.78,1.3163,0.6816
2019-03-05,1.1303,111.88,1.0043,1.3167,1.3342,0.8582,126.46,1.135,0.7085,147.31,111.35,1.3224,0.6798
2019-03-06,1.131,111.77,1.0046,1.3173,1.3425,0.8585,126.42,1.1362,0.7029,147.22,111.22,1.3231,0.6768
2019-03-07,1.1186,111.56,1.0116,1.3072,1.3453,0.8554,124.8,1.1315,0.7009,145.83,110.24,1.3224,0.6748
2019-03-08,1.1238,111.04,1.0073,1.3007,1.3403,0.8639,124.76,1.1319,0.7044,144.42,110.2,1.3103,0.6805
2019-03-11,1.1239,111.21,1.0108,1.3151,1.3407,0.8547,125.02,1.136,0.7061,146.26,109.97,1.3294,0.6825
2019-03-12,1.1304,111.28,1.0067,1.3095,1.3353,0.8629,125.76,1.138,0.7086,145.72,110.5,1.3183,0.6867
2019-03-13,1.1332,111.1,1.0026,1.3235,1.3296,0.8561,125.92,1.136,0.7094,147.04,110.78,1.3269,0.6855
2019-03-14,1.1299,111.7,1.004,1.3233,1.3319,0.8536,126.2,1.1343,0.7064,147.84,111.21,1.3286,0.682
2019-03-15,1.1321,111.48,1.0022,1.3292,1.3339,0.8512,126.17,1.1346,0.7083,148.19,111.19,1.3323,0.6844
2019-03-18,1.1335,111.39,1.0009,1.3249,1.3348,0.8553,126.27,1.1345,0.7098,147.6,111.25,1.3263,0.6848
2019-03-19,1.1352,111.35,0.9989,1.3275,1.3308,0.8551,126.42,1.1344,0.7089,147.81,111.43,1.3261,0.6853
2019-03-20,1.1423,110.68,0.9918,1.3196,1.3285,0.8654,126.44,1.1327,0.712,146.08,111.57,1.3087,0.6888
2019-03-21,1.1357,110.81,0.9933,1.3074,1.3373,0.8685,125.82,1.128,0.711,144.87,111.5,1.2987,0.6874
2019-03-22,1.1294,110.06,0.9943,1.3203,1.3414,0.8552,124.31,1.123,0.7084,145.31,110.68,1.3128,0.6874
2019-03-25,1.1318,109.97,0.9918,1.3179,1.3412,0.8585,124.44,1.1225,0.7109,144.95,110.87,1.3072,0.6909
2019-03-26,1.1275,110.52,0.9934,1.3216,1.3374,0.8529,124.61,1.1201,0.7142,146.06,111.19,1.3132,0.6913
2019-03-27,1.1259,110.41,0.9949,1.3265,1.3403,0.8486,124.31,1.12,0.7083,146.44,110.93,1.3195,0.6799
2019-03-28,1.1224,110.59,0.9953,1.3045,1.3438,0.8602,124.11,1.1171,0.7075,144.26,111.07,1.2986,0.6783
2019-03-29,1.1222,110.79,0.9955,1.3013,1.3354,0.8621,124.33,1.1172,0.71,144.17,111.28,1.2954,0.6808
2019-04-01,1.1211,111.36,0.9987,1.3126,1.3304,0.8538,124.83,1.1195,0.711,146.18,111.46,1.311,0.6809
2019-04-02,1.1194,111.37,0.9983,1.311,1.3345,0.8536,124.66,1.1177,0.7062,145.98,111.53,1.3088,0.6744
2019-04-03,1.1239,111.45,0.9974,1.3157,1.3337,0.854,125.26,1.1209,0.7115,146.63,111.7,1.3123,0.6783
2019-04-04,1.1221,111.58,1.0002,1.3075,1.3359,0.8581,125.19,1.1223,0.7113,145.86,111.53,1.3078,0.6754
2019-04-05,1.1216,111.69,0.9998,1.3025,1.3387,0.861,125.26,1.1214,0.7102,145.45,111.69,1.3023,0.6724
2019-04-08,1.126,111.51,0.9991,1.3065,1.331,0.8617,125.57,1.1247,0.7126,145.7,111.59,1.3049,0.6741
2019-04-09,1.1262,111.12,0.9995,1.3053,1.332,0.8628,125.14,1.1256,0.7126,145.06,111.16,1.3046,0.6741
2019-04-10,1.1264,111.1,0.9994,1.3031,1.332,0.8644,125.14,1.1257,0.7125,144.78,111.12,1.3024,0.6741
2019-04-11,1.1275,110.96,1.0022,1.3097,1.3317,0.8609,125.12,1.1301,0.7171,145.31,110.67,1.3126,0.6762
2019-04-12,1.1297,112.02,1.0026,1.3074,1.3332,0.8638,126.55,1.1326,0.7174,146.47,111.72,1.3109,0.6768
2019-04-15,1.13,112,1.0044,1.3095,1.3372,0.863,126.56,1.1351,0.7172,146.64,111.5,1.3152,0.6759
2019-04-16,1.1285,111.97,1.0072,1.3045,1.3349,0.8648,126.39,1.137,0.717,146.08,111.14,1.3139,0.6757
2019-04-17,1.1299,112.05,1.0102,1.3039,1.3341,0.8664,126.59,1.1413,0.7171,146.12,110.89,1.3173,0.6718
2019-04-18,1.1228,111.94,1.015,1.2988,1.3387,0.8644,125.69,1.1398,0.7143,145.37,110.23,1.3182,0.6676
2019-04-19,1.1244,111.93,1.0136,1.2991,1.337,0.8649,125.85,1.1397,0.7147,145.44,110.38,1.3169,0.6684
2019-04-22,1.1259,111.94,1.0159,1.2979,1.3347,0.8671,126.03,1.1438,0.7133,145.3,110.18,1.3186,0.6674
2019-04-23,1.1215,111.82,1.0202,1.2936,1.3438,0.8667,125.38,1.1441,0.7093,144.66,109.6,1.3197,0.6646
2019-04-24,1.1146,112.31,1.0212,1.2909,1.3482,0.8632,125.18,1.1382,0.7009,144.98,109.94,1.3185,0.6584
2019-04-25,1.113,111.62,1.0209,1.2893,1.3486,0.8629,124.22,1.1361,0.7009,143.91,109.29,1.3163,0.6622
2019-04-26,1.1152,111.57,1.0191,1.2922,1.3455,0.8627,124.42,1.1363,0.7038,144.18,109.45,1.3167,0.666
2019-04-29,1.1182,111.74,1.0198,1.2931,1.3446,0.8645,124.91,1.1402,0.7056,144.48,109.53,1.319,0.6665
2019-04-30,1.1205,111.38,1.0196,1.3039,1.342,0.8591,124.8,1.1422,0.7045,145.23,109.21,1.3293,0.6671
2019-05-01,1.1196,111.53,1.0177,1.3044,1.3448,0.8581,124.87,1.1395,0.7012,145.5,109.56,1.3276,0.662
2019-05-02,1.1173,111.5,1.0195,1.3033,1.3465,0.8569,124.58,1.139,0.6997,145.32,109.37,1.3286,0.6616
2019-05-03,1.1196,111.09,1.0169,1.3168,1.3423,0.85,124.38,1.1384,0.7017,146.28,109.23,1.3392,0.6637
2019-05-06,1.1203,110.89,1.0173,1.3102,1.3432,0.8549,124.21,1.1398,0.7,145.25,108.98,1.3326,0.6609
2019-05-07,1.1185,110.2,1.0189,1.3062,1.3479,0.8563,123.26,1.1397,0.7004,143.93,108.12,1.3307,0.6597
2019-05-08,1.119,110.13,1.0199,1.3005,1.347,0.8601,123.25,1.1413,0.6988,143.24,107.94,1.3264,0.6571
2019-05-09,1.1223,109.72,1.0148,1.3022,1.346,0.8614,123.13,1.1387,0.6994,142.89,108.08,1.3215,0.6594
2019-05-10,1.1228,110.01,1.0126,1.3004,1.3412,0.8632,123.53,1.1371,0.6997,143.06,108.61,1.3169,0.6597
2019-05-13,1.1227,109.33,1.0066,1.2957,1.347,0.8663,122.74,1.1302,0.6944,141.66,108.6,1.3041,0.6569
2019-05-14,1.1205,109.65,1.0095,1.2905,1.3457,0.8682,122.86,1.1312,0.6943,141.5,108.61,1.3028,0.6571
2019-05-15,1.12,109.54,1.0094,1.2844,1.3433,0.8719,122.71,1.1308,0.6925,140.68,108.51,1.2966,0.6559
2019-05-16,1.1168,109.84,1.0098,1.2793,1.3466,0.8729,122.68,1.1277,0.6892,140.53,108.74,1.2916,0.6535
2019-05-17,1.116,110.05,1.0106,1.2724,1.3439,0.8767,122.79,1.128,0.6866,140.05,108.85,1.2861,0.6516
2019-05-20,1.1168,109.97,1.0084,1.2724,1.3431,0.8774,122.8,1.1259,0.6905,139.93,109.04,1.2828,0.6529
2019-05-21,1.1157,110.61,1.0112,1.2701,1.3401,0.8781,123.4,1.1283,0.6882,140.5,109.35,1.2847,0.6501
2019-05-22,1.1155,110.31,1.0088,1.266,1.3426,0.881,123.05,1.1254,0.6882,139.66,109.3,1.277,0.6496
2019-05-23,1.118,109.53,1.0028,1.2655,1.3483,0.8832,122.44,1.1211,0.6892,138.61,109.2,1.269,0.6518
2019-05-24,1.1205,109.33,1.0011,1.271,1.344,0.8816,122.55,1.1219,0.6928,138.95,109.18,1.2724,0.6549
2019-05-27,1.1196,109.52,1.0038,1.2679,1.344,0.8825,122.55,1.1234,0.6912,138.86,109.06,1.2728,0.654
2019-05-28,1.1163,109.38,1.0075,1.2658,1.3488,0.8816,122.09,1.1248,0.6922,138.46,108.53,1.2754,0.6539
2019-05-29,1.1134,109.28,1.0065,1.2625,1.3525,0.8817,121.65,1.1206,0.691,137.95,108.52,1.2708,0.6508
2019-05-30,1.1135,109.53,1.0071,1.2608,1.3509,0.8828,121.94,1.1216,0.6911,138.08,108.74,1.2698,0.6507
2019-05-31,1.1172,108.39,1.001,1.2637,1.3515,0.8839,121.07,1.1183,0.6934,136.93,108.22,1.2651,0.6539
2019-06-03,1.1255,108.01,0.992,1.2664,1.3435,0.8885,121.57,1.1168,0.6976,136.78,108.83,1.2565,0.6597
2019-06-04,1.1256,108.11,0.9911,1.2701,1.3396,0.8859,121.68,1.1156,0.6994,137.31,109.05,1.2588,0.6612
2019-06-05,1.1224,108.37,0.9939,1.2692,1.3422,0.8843,121.65,1.1157,0.6965,137.54,109.01,1.2616,0.6616
2019-06-06,1.1271,108.45,0.9913,1.2693,1.336,0.8878,122.26,1.1174,0.6978,137.67,109.37,1.2583,0.6623
2019-06-07,1.1334,108.15,0.9868,1.2738,1.3272,0.8897,122.57,1.1185,0.7002,137.76,109.58,1.2568,0.6661
2019-06-10,1.1312,108.52,0.9897,1.2685,1.326,0.8913,122.75,1.1195,0.6965,137.67,109.61,1.2553,0.6614
2019-06-11,1.1326,108.52,0.9921,1.2716,1.3283,0.8906,122.91,1.1238,0.6959,137.98,109.33,1.2616,0.6581
2019-06-12,1.1287,108.51,0.9956,1.2684,1.3335,0.8897,122.46,1.1237,0.6926,137.66,108.97,1.2629,0.6571
2019-06-13,1.1278,108.32,0.9933,1.268,1.3324,0.8892,122.15,1.1202,0.6915,137.36,109.03,1.2596,0.657
2019-06-14,1.1208,108.52,0.9989,1.2599,1.3398,0.8895,121.65,1.1198,0.6866,136.74,108.61,1.2585,0.6497
2019-06-17,1.1217,108.56,0.9985,1.2539,1.3415,0.8943,121.76,1.1199,0.6851,136.11,108.7,1.2518,0.6495
2019-06-18,1.1193,108.43,1,1.2559,1.3381,0.8909,121.35,1.1193,0.6874,136.2,108.39,1.2561,0.6522
2019-06-19,1.1231,108.1,0.9932,1.2647,1.3297,0.8878,121.41,1.1154,0.6878,136.7,108.82,1.256,0.6536
2019-06-20,1.1294,107.24,0.98,1.2704,1.319,0.889,121.11,1.1069,0.6922,136.21,109.37,1.2449,0.659
2019-06-21,1.1367,107.39,0.9767,1.2733,1.3208,0.8924,122.09,1.1102,0.6926,136.74,109.93,1.2438,0.658
2019-06-24,1.1396,107.34,0.9722,1.274,1.3187,0.8944,122.32,1.1079,0.6962,136.74,110.4,1.2386,0.6616
2019-06-25,1.1372,107.11,0.975,1.2695,1.3178,0.8956,121.81,1.1089,0.6962,135.99,109.82,1.2376,0.6644
2019-06-26,1.1367,107.81,0.9781,1.2686,1.3113,0.8959,122.56,1.1115,0.6983,136.79,110.21,1.2403,0.6678
2019-06-27,1.1365,107.71,0.9764,1.2673,1.3111,0.8967,122.41,1.1098,0.6997,136.48,110.27,1.2373,0.6697
2019-06-28,1.1372,107.76,0.9752,1.2698,1.3084,0.8954,122.54,1.109,0.7018,136.83,110.46,1.2384,0.6714
2019-07-01,1.1286,108.41,0.9875,1.2637,1.313,0.8929,122.35,1.1145,0.6962,137,109.75,1.2479,0.6673
2019-07-02,1.1289,107.87,0.9862,1.2603,1.3107,0.8957,121.76,1.1133,0.6986,135.95,109.34,1.243,0.667
2019-07-03,1.1282,107.81,0.9864,1.2558,1.3069,0.8975,121.62,1.1131,0.7037,135.52,109.24,1.2396,0.6707
2019-07-04,1.1283,107.81,0.9848,1.2577,1.3044,0.8965,121.63,1.1111,0.702,135.62,109.41,1.2389,0.6687
2019-07-05,1.1218,108.48,0.9918,1.2482,1.311,0.8969,121.68,1.1126,0.6966,135.64,109.35,1.2401,0.6614
2019-07-08,1.1213,108.66,0.9936,1.25,1.309,0.8956,121.83,1.114,0.6972,136.02,109.34,1.2437,0.6626
2019-07-09,1.1209,108.81,0.993,1.244,1.3128,0.8984,121.98,1.1132,0.6929,135.75,109.55,1.2389,0.6607
2019-07-10,1.1252,108.42,0.9893,1.2444,1.3066,0.8998,121.97,1.1132,0.696,135.57,109.55,1.2367,0.6641
2019-07-11,1.1255,108.43,0.9898,1.2486,1.3069,0.8984,122.05,1.1141,0.6971,135.82,109.51,1.2396,0.6664
2019-07-12,1.1271,107.8,0.9843,1.2518,1.3031,0.8965,121.5,1.1094,0.7023,135.5,109.49,1.2372,0.6695
2019-07-15,1.1258,107.89,0.9848,1.251,1.3044,0.899,121.46,1.1086,0.7036,135.04,109.53,1.2325,0.6718
2019-07-16,1.1203,108.34,0.9886,1.2397,1.3071,0.903,121.38,1.1076,0.7013,134.39,109.57,1.2263,0.6697
2019-07-17,1.122,108.09,0.9872,1.2383,1.3047,0.9027,121.27,1.1076,0.7008,134.35,109.46,1.2269,0.6731
2019-07-18,1.1273,107.3,0.9815,1.2427,1.3042,0.8986,120.96,1.1069,0.7074,134.6,109.27,1.2315,0.6782
2019-07-19,1.1216,107.77,0.9827,1.2496,1.3066,0.8974,0,1.1023,0.7041,134.68,109.63,1.2282,0.6763
2019-07-22,1.1211,107.87,0.9817,1.2479,1.311,0.8981,120.94,1.1007,0.7035,134.62,109.85,1.2252,0.6764
2019-07-23,1.1148,108.25,0.9856,1.2438,1.3138,0.8962,120.7,1.0987,0.7003,134.63,109.8,1.2259,0.6703
2019-07-24,1.1136,108.2,0.9855,1.2479,1.3139,0.8922,120.49,1.0973,0.6976,135.06,109.77,1.2298,0.6703
2019-07-25,1.1148,108.68,0.9907,1.2454,1.3157,0.895,121.15,1.1044,0.6947,135.36,109.65,1.2338,0.6657
2019-07-26,1.1124,108.7,0.9942,1.2384,1.3175,0.898,120.92,1.106,0.6907,134.63,109.33,1.2313,0.6631
2019-07-29,1.1145,108.77,0.9911,1.2226,1.3157,0.9114,121.22,1.1048,0.69,132.99,109.72,1.2119,0.6629
2019-07-30,1.1157,108.54,0.9899,1.2161,1.3151,0.9172,121.1,1.1044,0.6874,132.01,109.62,1.2037,0.6615
2019-07-31,1.1089,108.72,0.9924,1.2171,1.3183,0.9107,120.55,1.1004,0.6847,132.32,109.51,1.2079,0.6566
2019-08-01,1.1081,107.46,0.9903,1.2142,1.322,0.9125,119.08,1.0975,0.6804,130.48,108.48,1.2028,0.6554
2019-08-02,1.111,106.54,0.9819,1.216,1.3211,0.9134,118.38,1.0909,0.6794,129.57,108.46,1.194,0.6532
2019-08-05,1.1199,106.01,0.9734,1.2141,1.3215,0.922,118.74,1.0904,0.6761,128.74,108.87,1.182,0.6535
2019-08-06,1.1195,106.56,0.9773,1.2151,1.3279,0.9211,119.29,1.0941,0.6756,129.49,109,1.1878,0.6521
2019-08-07,1.121,106.11,0.9737,1.2143,1.3311,0.9231,118.95,1.0916,0.6763,128.85,108.95,1.1825,0.6461
2019-08-08,1.1184,105.96,0.975,1.2136,1.3229,0.9213,118.53,1.0905,0.6807,128.59,108.63,1.183,0.648
2019-08-09,1.1204,105.58,0.9722,1.205,1.3204,0.9292,118.28,1.0892,0.6791,127.23,108.57,1.1715,0.6463
2019-08-12,1.1212,105.31,0.9693,1.2073,1.3244,0.9283,118.07,1.0867,0.6753,127.15,108.6,1.1704,0.6446
2019-08-13,1.1172,106.63,0.9759,1.2053,1.3223,0.9266,119.12,1.0903,0.6793,128.5,109.23,1.1765,0.645
2019-08-14,1.1135,105.83,0.9733,1.2057,1.332,0.9233,117.86,1.0838,0.6745,127.61,108.71,1.1735,0.6432
2019-08-15,1.1101,106.12,0.9768,1.2101,1.3324,0.917,117.79,1.0843,0.6773,128.41,108.59,1.1821,0.6438
2019-08-16,1.1099,106.23,0.978,1.215,1.3269,0.9132,117.93,1.0855,0.6785,129.07,108.58,1.1883,0.6431
2019-08-19,1.108,106.63,0.9813,1.2139,1.3323,0.9127,118.16,1.0872,0.6766,129.44,108.65,1.1911,0.6404
2019-08-20,1.1095,106.31,0.9779,1.2165,1.332,0.9119,117.97,1.0851,0.6776,129.34,108.66,1.1896,0.6416
2019-08-21,1.1086,106.56,0.9822,1.2122,1.3294,0.9145,118.12,1.0886,0.678,129.17,108.46,1.1906,0.6396
2019-08-22,1.1079,106.41,0.9833,1.2252,1.3298,0.9041,117.89,1.0898,0.6756,130.38,108.16,1.2051,0.6366
2019-08-23,1.1145,105.29,0.9741,1.2285,1.329,0.9071,117.35,1.0856,0.6753,129.35,108.05,1.1966,0.6391
2019-08-26,1.1098,106.11,0.9791,1.222,1.3258,0.9079,117.75,1.0867,0.6775,129.66,108.32,1.1964,0.6384
2019-08-27,1.1091,105.76,0.9809,1.2294,1.3284,0.902,117.33,1.0879,0.6756,130.03,107.81,1.2059,0.6364
2019-08-28,1.1078,106.04,0.9816,1.2215,1.33,0.9068,117.46,1.0874,0.6737,129.53,108.01,1.1991,0.6332
2019-08-29,1.1051,106.63,0.9868,1.2183,1.3295,0.9069,117.84,1.0905,0.6729,129.92,108,1.2022,0.6308
2019-08-30,1.0975,106.27,0.9909,1.2147,1.3327,0.9034,116.62,1.0877,0.6725,129.08,107.19,1.2037,0.6288
2019-09-02,1.097,106.19,0.9904,1.2064,1.3328,0.9091,116.46,1.0865,0.6715,128.08,107.2,1.1948,0.6307
2019-09-03,1.0966,106.03,0.9872,1.2085,1.3321,0.9072,116.27,1.0826,0.6758,128.14,107.35,1.1932,0.6326
2019-09-04,1.103,106.38,0.9802,1.2219,1.3226,0.9022,117.34,1.0809,0.6795,130,108.52,1.1977,0.6357
2019-09-05,1.1032,106.96,0.9866,1.2325,1.3238,0.8949,117.99,1.0885,0.6814,131.82,108.37,1.2158,0.6371
2019-09-06,1.103,106.88,0.9877,1.2293,1.3169,0.897,117.9,1.0894,0.6848,131.41,108.17,1.2142,0.6427
2019-09-09,1.1049,107.16,0.9919,1.2345,1.3158,0.895,118.42,1.0958,0.6862,132.29,108.01,1.2243,0.6425
2019-09-10,1.1038,107.49,0.9913,1.2345,1.3151,0.8941,118.64,1.0945,0.6857,132.66,108.36,1.2238,0.6415
2019-09-11,1.1007,107.79,0.9927,1.2327,1.3191,0.8926,118.63,1.0928,0.6857,132.85,108.53,1.2236,0.641
2019-09-12,1.1064,108.14,0.9904,1.2344,1.3213,0.896,119.66,1.0959,0.6865,133.46,109.15,1.2224,0.6408
2019-09-13,1.1073,108.09,0.9901,1.2491,1.3273,0.8864,119.69,1.0966,0.688,135,109.14,1.237,0.6375
2019-09-16,1.0998,108.05,0.9927,1.2423,1.3236,0.8852,118.83,1.0917,0.6866,134.21,108.81,1.233,0.6344
2019-09-17,1.1068,108.15,0.9933,1.2497,1.3247,0.8854,119.72,1.0994,0.6861,135.18,108.86,1.2412,0.6351
2019-09-18,1.1019,108.45,0.998,1.2481,1.3292,0.8825,119.49,1.0996,0.6821,135.34,108.62,1.2456,0.6308
2019-09-19,1.1041,108.01,0.9924,1.2527,1.3256,0.8811,119.23,1.0957,0.6796,135.3,108.78,1.2432,0.6299
2019-09-20,1.1014,107.61,0.9915,1.2476,1.3274,0.8825,118.52,1.0917,0.6765,134.25,108.49,1.2371,0.6259
2019-09-23,1.0996,107.48,0.9898,1.2432,1.326,0.884,118.19,1.0882,0.6772,133.64,108.54,1.2307,0.6291
2019-09-24,1.1016,107.03,0.985,1.249,1.3241,0.8818,117.9,1.0851,0.6794,133.67,108.62,1.2302,0.6326
2019-09-25,1.0945,107.78,0.9917,1.2357,1.3256,0.8856,117.99,1.0854,0.6752,133.19,108.64,1.2254,0.6274
2019-09-26,1.0927,107.85,0.9933,1.2328,1.3261,0.8861,117.8,1.0853,0.6752,132.92,108.55,1.2245,0.6303
2019-09-27,1.0941,107.87,0.9902,1.2292,1.3242,0.8897,118.01,1.0834,0.6762,132.63,108.9,1.2174,0.6289
2019-09-30,1.0901,108.08,0.998,1.2291,1.3235,0.8868,117.82,1.0879,0.6749,132.84,108.26,1.2266,0.626
2019-10-01,1.0931,107.76,0.9932,1.2295,1.3223,0.8888,117.77,1.0857,0.6703,132.49,108.45,1.2212,0.6242
2019-10-02,1.0959,107.2,0.9972,1.2302,1.3311,0.8905,117.48,1.0925,0.6707,131.87,107.5,1.2266,0.6271
2019-10-03,1.0967,106.87,0.9989,1.2348,1.3331,0.8879,117.23,1.0955,0.6741,131.97,106.96,1.2332,0.6298
2019-10-04,1.0978,106.9,0.9952,1.2328,1.3325,0.8902,117.33,1.0927,0.6771,131.8,107.38,1.2272,0.6315
2019-10-07,1.097,107.29,0.9947,1.2295,1.3303,0.8922,117.7,1.0913,0.6732,131.89,107.82,1.2231,0.6292
2019-10-08,1.0955,107.1,0.9931,1.2219,1.3318,0.8963,117.33,1.0879,0.6731,130.87,107.79,1.2137,0.6299
2019-10-09,1.0973,107.53,0.9957,1.221,1.3324,0.8985,118,1.0925,0.6726,131.32,107.97,1.2158,0.6292
2019-10-10,1.1005,107.92,0.9965,1.2443,1.3296,0.8842,118.74,1.0967,0.6762,134.26,108.24,1.2402,0.6317
2019-10-11,1.104,108.49,0.9976,1.2658,1.3186,0.8717,119.76,1.1014,0.6798,137.35,108.73,1.2628,0.6335
2019-10-14,1.1025,108.34,0.9975,1.2562,1.3233,0.8775,119.47,1.0999,0.6772,136.11,108.59,1.2531,0.6296
2019-10-15,1.103,108.83,0.9989,1.2776,1.3202,0.8631,120.05,1.1021,0.6751,139.04,108.91,1.2762,0.6282
2019-10-16,1.1073,108.76,0.9947,1.2825,1.3199,0.8632,120.43,1.1015,0.6761,139.48,109.28,1.276,0.6289
2019-10-17,1.1125,108.62,0.9878,1.2875,1.3142,0.8638,120.85,1.0988,0.6826,139.87,109.95,1.2718,0.6348
2019-10-18,1.1162,108.4,0.9842,1.2944,1.3116,0.8622,121.01,1.099,0.6854,140.33,110.08,1.2739,0.6385
2019-10-21,1.1145,108.59,0.9856,1.2966,1.3084,0.8594,121.02,1.0983,0.6863,140.8,110.14,1.2778,0.6396
2019-10-22,1.1119,108.47,0.989,1.2862,1.3103,0.8642,120.61,1.0996,0.6851,139.5,109.65,1.272,0.6404
2019-10-23,1.1133,108.65,0.99,1.2915,1.3072,0.8618,120.99,1.1022,0.6856,140.33,109.71,1.2786,0.6424
2019-10-24,1.1105,108.59,0.9918,1.2861,1.3072,0.8633,120.59,1.1017,0.6821,139.66,109.45,1.2756,0.6378
2019-10-25,1.1078,108.69,0.9946,1.2828,1.3063,0.8633,120.41,1.1018,0.6815,139.43,109.27,1.2757,0.6349
2019-10-28,1.1098,108.97,0.9947,1.2855,1.3048,0.8631,120.92,1.1037,0.6841,140.08,109.54,1.2787,0.6346
2019-10-29,1.1109,108.88,0.994,1.2858,1.3085,0.8638,120.94,1.1042,0.6862,139.97,109.52,1.2781,0.6353
2019-10-30,1.1142,108.83,0.9897,1.2898,1.3165,0.8634,121.26,1.1026,0.6892,140.37,109.95,1.2765,0.6375
2019-10-31,1.1143,107.97,0.9869,1.2935,1.3164,0.8611,120.31,1.0996,0.6887,139.67,109.38,1.2766,0.6407
2019-11-01,1.1164,108.22,0.9854,1.2935,1.3146,0.8629,120.81,1.1,0.6906,139.98,109.77,1.2746,0.6427
2019-11-04,1.1126,108.59,0.988,1.288,1.3151,0.8638,120.82,1.0992,0.6881,139.85,109.89,1.2726,0.6395
2019-11-05,1.1073,109.19,0.9925,1.2887,1.3154,0.8589,120.9,1.0991,0.6894,140.68,109.95,1.279,0.6386
2019-11-06,1.1069,108.9,0.9923,1.285,1.3176,0.8613,120.54,1.0983,0.6879,139.95,109.74,1.2751,0.6367
2019-11-07,1.1049,109.27,0.9953,1.282,1.3179,0.8616,120.72,1.0994,0.69,140.07,109.74,1.2756,0.6365
2019-11-08,1.1021,109.16,0.9975,1.278,1.3224,0.8621,120.31,1.0992,0.6855,139.51,109.42,1.2748,0.6325
2019-11-11,1.1034,109.01,0.993,1.2853,1.322,0.8586,120.29,1.0958,0.6853,140.08,109.76,1.2762,0.6368
2019-11-12,1.1011,108.94,0.9925,1.2857,1.3218,0.8563,119.94,1.0925,0.6843,140.06,109.76,1.2758,0.6328
2019-11-13,1.1001,108.75,0.9889,1.2839,1.325,0.8569,119.65,1.0881,0.6832,139.62,109.93,1.2696,0.6413
2019-11-14,1.1023,108.36,0.988,1.2874,1.3254,0.8559,119.42,1.0891,0.6783,139.52,109.65,1.2719,0.6361
2019-11-15,1.1052,108.8,0.9899,1.2901,1.3228,0.8565,120.26,1.094,0.6813,140.37,109.87,1.2772,0.6405
2019-11-18,1.1076,108.63,0.9882,1.296,1.3205,0.8546,120.31,1.0945,0.6811,140.78,109.88,1.2808,0.64
2019-11-19,1.1078,108.51,0.9908,1.2915,1.3265,0.8578,120.22,1.0977,0.6827,140.14,109.51,1.2796,0.643
2019-11-20,1.107,108.61,0.9913,1.2919,1.3305,0.8567,120.23,1.0973,0.6797,140.31,109.54,1.2808,0.6413
2019-11-21,1.106,108.65,0.9932,1.2904,1.328,0.857,120.16,1.0985,0.6786,140.19,109.37,1.2816,0.64
2019-11-22,1.1018,108.64,0.9976,1.2833,1.3297,0.8584,119.7,1.0993,0.6782,139.42,108.85,1.2805,0.6405
2019-11-25,1.1008,108.94,0.9969,1.2903,1.3303,0.8531,119.91,1.0974,0.6775,140.57,109.27,1.2863,0.6403
2019-11-26,1.1022,109.02,0.9969,1.2867,1.3275,0.8566,120.15,1.0985,0.6789,140.29,109.35,1.2828,0.6426
2019-11-27,1.1003,109.53,0.9993,1.2909,1.328,0.8519,120.5,1.0994,0.6778,141.39,109.56,1.2902,0.6422
2019-11-28,1.1007,109.5,0.999,1.2909,1.3281,0.8523,120.54,1.0994,0.6766,141.34,109.58,1.2892,0.6414
2019-11-29,1.1015,109.45,1,1.2931,1.3281,0.8517,120.56,1.1015,0.6763,141.54,109.44,1.2931,0.6417
2019-12-02,1.1073,108.98,0.9916,1.2939,1.3295,0.8557,120.67,1.0981,0.6819,141,109.86,1.283,0.6505
2019-12-03,1.1082,108.56,0.9868,1.2992,1.3299,0.8527,120.31,1.0936,0.6841,141.05,110,1.2821,0.6517
2019-12-04,1.1072,108.91,0.9894,1.3096,1.3193,0.8453,120.59,1.0957,0.6851,142.63,110.07,1.2954,0.6526
2019-12-05,1.1098,108.74,0.9873,1.3159,1.3168,0.8431,120.67,1.0954,0.683,143.07,110.13,1.2992,0.6547
2019-12-06,1.1056,108.56,0.9897,1.3138,1.3257,0.8414,120.02,1.0943,0.6837,142.61,109.65,1.3003,0.6567
2019-12-09,1.1061,108.63,0.9882,1.3146,1.3226,0.8413,120.14,1.093,0.6829,142.8,109.89,1.2992,0.6552
2019-12-10,1.1094,108.72,0.9837,1.3198,1.3228,0.8406,120.6,1.0913,0.6815,143.48,110.49,1.298,0.6545
2019-12-11,1.1132,108.54,0.9824,1.3204,1.317,0.8429,120.84,1.0936,0.688,143.31,110.46,1.2972,0.6585
2019-12-12,1.1124,109.33,0.9851,1.3168,1.3177,0.8447,121.62,1.0958,0.6905,143.95,110.94,1.2972,0.6596
2019-12-13,1.112,109.29,0.9835,1.3334,1.3188,0.8339,121.53,1.0937,0.6868,145.73,111.08,1.3112,0.6586
2019-12-16,1.1143,109.62,0.9827,1.3339,1.3152,0.8354,122.15,1.095,0.6891,146.21,111.53,1.3107,0.6601
2019-12-17,1.1148,109.48,0.9804,1.312,1.316,0.8496,122.05,1.0929,0.6849,143.63,111.67,1.2863,0.6566
2019-12-18,1.1119,109.57,0.9802,1.3085,1.3104,0.8496,121.81,1.0898,0.6854,143.35,111.77,1.2826,0.6574
2019-12-19,1.1124,109.24,0.9775,1.3008,1.3119,0.855,121.53,1.0877,0.6881,142.1,111.74,1.2717,0.6603
2019-12-20,1.1075,109.44,0.9824,1.3013,1.316,0.8508,121.22,1.088,0.6902,142.41,111.36,1.2785,0.6603
2019-12-23,1.1092,109.35,0.9815,1.294,1.3148,0.8569,121.3,1.0889,0.6922,141.51,111.37,1.2702,0.6637
2019-12-24,1.1082,109.37,0.9805,1.2953,1.3163,0.8554,121.2,1.0866,0.692,141.67,111.5,1.2699,0.6637
2019-12-25,1.1082,109.55,0.9816,1.2964,1.315,0.8549,121.43,1.088,0.6924,142.02,111.58,1.2725,0.6644
2019-12-26,1.1102,109.62,0.9807,1.3012,1.3119,0.8532,121.72,1.0889,0.694,142.65,111.78,1.2761,0.6668
2019-12-27,1.1183,109.45,0.973,1.3096,1.3071,0.8538,122.4,1.0881,0.6976,143.31,112.43,1.274,0.6703
2019-12-30,1.1198,108.83,0.9687,1.3104,1.3058,0.8544,121.87,1.0849,0.6994,142.61,112.31,1.2696,0.6725
2019-12-31,1.1223,108.62,0.967,1.3253,1.2972,0.8467,121.9,1.0853,0.702,143.96,112.32,1.2817,0.6736
2020-01-02,1.1165,108.54,0.9725,1.313,1.2985,0.85,121.18,1.0857,0.698,142.53,111.59,1.277,0.6691
2020-01-03,1.1165,108.02,0.9719,1.3076,1.2994,0.8537,120.58,1.0849,0.6956,141.27,111.13,1.2709,0.6668
2020-01-06,1.119,108.43,0.9686,1.3161,1.2961,0.8502,121.34,1.0841,0.6935,142.72,111.92,1.2748,0.6666
2020-01-07,1.1141,108.52,0.9711,1.3119,1.3003,0.849,120.9,1.0819,0.6865,142.37,111.7,1.274,0.6638
2020-01-08,1.111,109.15,0.9732,1.3101,1.3022,0.848,121.28,1.0813,0.687,143,112.13,1.2752,0.665
2020-01-09,1.1106,109.5,0.9731,1.3064,1.3066,0.8501,121.61,1.0806,0.6851,143.05,112.5,1.2713,0.6611
2020-01-10,1.112,109.51,0.9725,1.3055,1.3055,0.8513,121.75,1.0813,0.6905,142.97,112.57,1.2697,0.6638
2020-01-13,1.1138,109.91,0.9703,1.2998,1.3045,0.8569,122.41,1.0807,0.6907,142.85,113.25,1.2612,0.6635
2020-01-14,1.1129,110,0.9673,1.3029,1.3053,0.8538,122.42,1.0764,0.6903,143.33,113.68,1.2604,0.6617
2020-01-15,1.1149,109.89,0.9636,1.3024,1.3041,0.8558,122.53,1.0743,0.6902,143.11,114.04,1.2548,0.6605
2020-01-16,1.1134,110.12,0.9647,1.3066,1.3045,0.852,122.62,1.0741,0.6894,143.92,114.11,1.2607,0.6635
2020-01-17,1.1089,110.11,0.9677,1.3016,1.3064,0.852,122.12,1.0735,0.6877,143.33,113.76,1.2594,0.6616
2020-01-20,1.1082,110.17,0.9687,1.2997,1.3048,0.8525,122.09,1.0736,0.6868,143.2,113.68,1.2594,0.6601
2020-01-21,1.1092,109.83,0.9682,1.3047,1.3071,0.85,121.79,1.0737,0.6845,143.25,113.4,1.2631,0.6595
2020-01-22,1.1092,109.88,0.9683,1.3132,1.3143,0.8446,121.88,1.074,0.6839,144.27,113.44,1.2711,0.6592
2020-01-23,1.1055,109.49,0.9693,1.3119,1.3128,0.8425,121.01,1.0716,0.6842,143.6,112.9,1.2715,0.6598
2020-01-24,1.103,109.2,0.9704,1.3076,1.3145,0.8433,120.46,1.0704,0.682,142.8,112.51,1.2691,0.6607
2020-01-27,1.1015,108.92,0.9696,1.3047,1.3181,0.844,120,1.0678,0.6758,142.12,112.34,1.2652,0.6545
2020-01-28,1.1014,109.13,0.973,1.3005,1.317,0.8467,120.2,1.0719,0.6751,141.92,112.11,1.2654,0.6531
2020-01-29,1.101,109.06,0.9736,1.3013,1.3196,0.8459,120.06,1.0719,0.6754,141.93,111.97,1.2669,0.6527
2020-01-30,1.1029,108.79,0.9695,1.3081,1.3209,0.8429,119.98,1.0692,0.6712,142.32,112.16,1.2682,0.6482
2020-01-31,1.1087,108.38,0.9635,1.3198,1.3231,0.8399,120.18,1.0683,0.6694,143.05,112.45,1.2715,0.6465
2020-02-03,1.1063,108.63,0.9655,1.2991,1.3299,0.8512,120.17,1.0681,0.6688,141.12,112.45,1.2547,0.6463
2020-02-04,1.1042,109.47,0.9696,1.3039,1.3275,0.8466,120.85,1.0704,0.6734,142.74,112.89,1.2643,0.6483
2020-02-05,1.0993,109.8,0.9737,1.2988,1.3293,0.8463,120.7,1.0702,0.6743,142.63,112.73,1.2647,0.6474
2020-02-06,1.0973,109.97,0.9753,1.2922,1.3287,0.849,120.68,1.0698,0.6731,142.14,112.74,1.2603,0.6459
2020-02-07,1.0944,109.72,0.9772,1.2891,1.3297,0.8491,120.1,1.0696,0.6675,141.43,112.26,1.2597,0.6398
2020-02-10,1.0914,109.66,0.9767,1.2919,1.3315,0.8447,119.69,1.0661,0.6678,141.68,112.24,1.2617,0.6386
2020-02-11,1.092,109.77,0.9755,1.2962,1.3291,0.8421,119.87,1.0651,0.6713,142.29,112.49,1.2646,0.6402
2020-02-12,1.0867,110.07,0.9782,1.2961,1.325,0.8381,119.61,1.0629,0.6733,142.66,112.5,1.2677,0.6459
2020-02-13,1.0841,109.79,0.9787,1.3051,1.3257,0.8305,119.03,1.0612,0.6724,143.3,112.12,1.2774,0.644
2020-02-14,1.0842,109.71,0.981,1.3037,1.3241,0.8315,118.95,1.0636,0.6708,143.03,111.79,1.2788,0.6431
2020-02-17,1.083,109.93,0.9808,1.3006,1.3233,0.8324,119.05,1.0623,0.6717,143,112.02,1.2759,0.6437
2020-02-18,1.0797,109.84,0.9826,1.2996,1.325,0.8307,118.59,1.0607,0.6686,142.76,111.75,1.2769,0.6383
2020-02-19,1.0796,111.45,0.984,1.2914,1.323,0.8359,120.35,1.0625,0.6673,143.91,113.23,1.2705,0.6375
2020-02-20,1.079,112.05,0.9838,1.2886,1.3254,0.8374,120.9,1.0619,0.6618,144.39,113.85,1.2679,0.6335
2020-02-21,1.0855,111.62,0.9777,1.2977,1.3203,0.8363,121.17,1.0612,0.663,144.85,114.15,1.2688,0.6354
2020-02-24,1.0852,110.66,0.9784,1.2916,1.3286,0.8401,120.1,1.0619,0.6603,142.94,113.06,1.2639,0.6339
2020-02-25,1.0879,110.02,0.9754,1.3005,1.3271,0.8365,119.68,1.0614,0.6596,143.08,112.74,1.2688,0.6329
2020-02-26,1.0888,110.34,0.9762,1.2911,1.3308,0.8431,120.15,1.0632,0.6555,142.46,112.99,1.2604,0.63
2020-02-27,1.098,110.03,0.9708,1.2888,1.3363,0.8516,120.81,1.0658,0.6583,141.81,113.29,1.2513,0.6311
2020-02-28,1.1038,107.98,0.9648,1.2821,1.3424,0.8608,119.19,1.065,0.6511,138.43,111.86,1.237,0.6246