Date ,EUR/USD Close,EUR/GBP Close,,,,,,,
"Mar 03, 2020 22:00",1.117,0.87162,,,,,,,
"Mar 03, 2020 21:00",1.11698,0.8716,,,,,,,
"Mar 03, 2020 20:00",1.11807,0.87288,,,,,,,
"Mar 03, 2020 19:00",1.1176,0.87236,,,,,,,
"Mar 03, 2020 18:00",1.11847,0.87366,,,,,,,
"Mar 03, 2020 17:00",1.11589,0.87102,,,,,,,
"Mar 03, 2020 16:00",1.11746,0.8712,,,,,,,
"Mar 03, 2020 15:00",1.11802,0.87215,,,,,,,
"Mar 03, 2020 14:00",1.11256,0.87042,,,,,,,
"Mar 03, 2020 13:00",1.11193,0.86907,,,,,,,
"Mar 03, 2020 12:00",1.11178,0.87006,,,,,,,
"Mar 03, 2020 11:00",1.1114,0.86911,,,,,,,
"Mar 03, 2020 10:00",1.11128,0.86927,,,,,,,
"Mar 03, 2020 09:00",1.11266,0.87038,,,,,,,
"Mar 03, 2020 08:00",1.11099,0.8701,,,,,,,
"Mar 03, 2020 07:00",1.112,0.86874,,,,,,,
"Mar 03, 2020 06:00",1.11456,0.87092,,,,,,,
"Mar 03, 2020 05:00",1.11451,0.87188,,,,,,,
"Mar 03, 2020 04:00",1.11446,0.87202,,,,,,,
"Mar 03, 2020 03:00",1.11343,0.87149,,,,,,,
"Mar 03, 2020 02:00",1.11407,0.87206,,,,,,,
"Mar 03, 2020 01:00",1.1132,0.87194,,,,,,,
"Mar 03, 2020 00:00",1.11321,0.87152,,,,,,,
"Mar 02, 2020 23:00",1.11444,0.87286,,,,,,,
"Mar 02, 2020 22:00",1.11386,0.87298,,,,,,,
"Mar 02, 2020 21:00",1.11325,0.87281,,,,,,,
"Mar 02, 2020 20:00",1.11355,0.87233,,,,,,,
"Mar 02, 2020 19:00",1.11637,0.87379,,,,,,,
"Mar 02, 2020 18:00",1.11634,0.8735,,,,,,,
"Mar 02, 2020 17:00",1.11796,0.87273,,,,,,,
"Mar 02, 2020 16:00",1.11629,0.87281,,,,,,,
"Mar 02, 2020 15:00",1.11308,0.87325,,,,,,,
"Mar 02, 2020 14:00",1.11258,0.87091,,,,,,,
"Mar 02, 2020 13:00",1.11216,0.87068,,,,,,,
"Mar 02, 2020 12:00",1.1112,0.87128,,,,,,,
"Mar 02, 2020 11:00",1.11188,0.86978,,,,,,,
"Mar 02, 2020 10:00",1.10848,0.86745,,,,,,,
"Mar 02, 2020 09:00",1.10797,0.86795,,,,,,,
"Mar 02, 2020 08:00",1.10848,0.86722,,,,,,,
"Mar 02, 2020 07:00",1.10635,0.86386,,,,,,,
"Mar 02, 2020 06:00",1.10415,0.86018,,,,,,,
"Mar 02, 2020 05:00",1.10432,0.86097,,,,,,,
"Mar 02, 2020 04:00",1.10528,0.86182,,,,,,,
"Mar 02, 2020 03:00",1.10526,0.86102,,,,,,,
"Mar 02, 2020 02:00",1.10565,0.8618,,,,,,,
"Mar 02, 2020 01:00",1.10565,0.86267,,,,,,,
"Mar 02, 2020 00:00",1.10633,0.86358,,,,,,,
"Mar 01, 2020 23:00",1.10516,0.86306,,,,,,,
"Mar 01, 2020 22:00",1.10456,0.86235,,,,,,,
"Feb 28, 2020 21:00",1.10294,0.86006,,,,,,,
"Feb 28, 2020 20:00",1.1038,0.86091,,,,,,,
"Feb 28, 2020 19:00",1.1029,0.86214,,,,,,,
"Feb 28, 2020 18:00",1.10004,0.86239,,,,,,,
"Feb 28, 2020 17:00",1.10009,0.86204,,,,,,,
"Feb 28, 2020 16:00",1.10003,0.86094,,,,,,,
"Feb 28, 2020 15:00",1.09842,0.85988,,,,,,,
"Feb 28, 2020 14:00",1.09661,0.85518,,,,,,,
"Feb 28, 2020 13:00",1.09867,0.85461,,,,,,,
"Feb 28, 2020 12:00",1.0987,0.85334,,,,,,,
"Feb 28, 2020 11:00",1.09938,0.85331,,,,,,,
"Feb 28, 2020 10:00",1.1034,0.85642,,,,,,,
"Feb 28, 2020 09:00",1.1045,0.85582,,,,,,,
"Feb 28, 2020 08:00",1.10338,0.85669,,,,,,,
"Feb 28, 2020 07:00",1.09954,0.85478,,,,,,,
"Feb 28, 2020 06:00",1.1001,0.85408,,,,,,,
"Feb 28, 2020 05:00",1.10004,0.85354,,,,,,,
"Feb 28, 2020 04:00",1.09944,0.85328,,,,,,,
"Feb 28, 2020 03:00",1.09871,0.85336,,,,,,,
"Feb 28, 2020 02:00",1.0986,0.8524,,,,,,,
"Feb 28, 2020 01:00",1.0988,0.85244,,,,,,,
"Feb 28, 2020 00:00",1.09962,0.85281,,,,,,,
"Feb 27, 2020 23:00",1.09965,0.85321,,,,,,,
"Feb 27, 2020 22:00",1.10024,0.8534,,,,,,,
"Feb 27, 2020 21:00",1.09998,0.85371,,,,,,,
"Feb 27, 2020 20:00",1.0993,0.85275,,,,,,,
"Feb 27, 2020 19:00",1.09872,0.8522,,,,,,,
"Feb 27, 2020 18:00",1.09887,0.8525,,,,,,,
"Feb 27, 2020 17:00",1.09796,0.85218,,,,,,,
"Feb 27, 2020 16:00",1.09759,0.85246,,,,,,,
"Feb 27, 2020 15:00",1.09841,0.85328,,,,,,,
"Feb 27, 2020 14:00",1.09767,0.85205,,,,,,,
"Feb 27, 2020 13:00",1.09765,0.85113,,,,,,,
"Feb 27, 2020 12:00",1.09645,0.8504,,,,,,,
"Feb 27, 2020 11:00",1.09451,0.85039,,,,,,,
"Feb 27, 2020 10:00",1.09397,0.84999,,,,,,,
"Feb 27, 2020 09:00",1.09354,0.84746,,,,,,,
"Feb 27, 2020 08:00",1.09478,0.84655,,,,,,,
"Feb 27, 2020 07:00",1.09216,0.84516,,,,,,,
"Feb 27, 2020 06:00",1.09113,0.84366,,,,,,,
"Feb 27, 2020 05:00",1.09077,0.84357,,,,,,,
"Feb 27, 2020 04:00",1.09122,0.84385,,,,,,,
"Feb 27, 2020 03:00",1.09052,0.84382,,,,,,,
"Feb 27, 2020 02:00",1.09103,0.84429,,,,,,,
"Feb 27, 2020 01:00",1.09011,0.84425,,,,,,,
"Feb 27, 2020 00:00",1.08981,0.84374,,,,,,,
"Feb 26, 2020 23:00",1.08865,0.84348,,,,,,,
"Feb 26, 2020 22:00",1.08825,0.8432,,,,,,,
"Feb 26, 2020 21:00",1.088,0.84341,,,,,,,
"Feb 26, 2020 20:00",1.08848,0.84318,,,,,,,
"Feb 26, 2020 19:00",1.08998,0.8442,,,,,,,
"Feb 26, 2020 18:00",1.08815,0.84329,,,,,,,
"Feb 26, 2020 17:00",1.08784,0.84277,,,,,,,
"Feb 26, 2020 16:00",1.08867,0.84261,,,,,,,
"Feb 26, 2020 15:00",1.08669,0.84127,,,,,,,
"Feb 26, 2020 14:00",1.08599,0.84025,,,,,,,
"Feb 26, 2020 13:00",1.08656,0.83999,,,,,,,
"Feb 26, 2020 12:00",1.08695,0.84075,,,,,,,
"Feb 26, 2020 11:00",1.08842,0.84147,,,,,,,
"Feb 26, 2020 10:00",1.08867,0.84178,,,,,,,
"Feb 26, 2020 09:00",1.08893,0.84082,,,,,,,
"Feb 26, 2020 08:00",1.08919,0.8395,,,,,,,
"Feb 26, 2020 07:00",1.08706,0.83713,,,,,,,
"Feb 26, 2020 06:00",1.08745,0.83743,,,,,,,
"Feb 26, 2020 05:00",1.08759,0.8368,,,,,,,
"Feb 26, 2020 04:00",1.08676,0.83676,,,,,,,
"Feb 26, 2020 03:00",1.08665,0.83634,,,,,,,
"Feb 26, 2020 02:00",1.08683,0.83613,,,,,,,
"Feb 26, 2020 01:00",1.08736,0.836,,,,,,,
"Feb 26, 2020 00:00",1.08694,0.83616,,,,,,,
"Feb 25, 2020 23:00",1.08795,0.83673,,,,,,,
"Feb 25, 2020 22:00",1.08806,0.83658,,,,,,,
"Feb 25, 2020 21:00",1.08811,0.83672,,,,,,,
"Feb 25, 2020 20:00",1.08824,0.8371,,,,,,,
"Feb 25, 2020 19:00",1.08815,0.837,,,,,,,
"Feb 25, 2020 18:00",1.08766,0.83636,,,,,,,
"Feb 25, 2020 17:00",1.08825,0.83638,,,,,,,
"Feb 25, 2020 16:00",1.08679,0.83585,,,,,,,
"Feb 25, 2020 15:00",1.08645,0.83474,,,,,,,
"Feb 25, 2020 14:00",1.08361,0.8346,,,,,,,
"Feb 25, 2020 13:00",1.08407,0.83584,,,,,,,
"Feb 25, 2020 12:00",1.0836,0.8365,,,,,,,
"Feb 25, 2020 11:00",1.08367,0.83577,,,,,,,
"Feb 25, 2020 10:00",1.08382,0.8356,,,,,,,
"Feb 25, 2020 09:00",1.08505,0.83502,,,,,,,
"Feb 25, 2020 08:00",1.08634,0.8371,,,,,,,
"Feb 25, 2020 07:00",1.08536,0.83782,,,,,,,
"Feb 25, 2020 06:00",1.08518,0.8387,,,,,,,
"Feb 25, 2020 05:00",1.08512,0.83901,,,,,,,
"Feb 25, 2020 04:00",1.08605,0.83949,,,,,,,
"Feb 25, 2020 03:00",1.08628,0.83956,,,,,,,
"Feb 25, 2020 02:00",1.08637,0.8395,,,,,,,
"Feb 25, 2020 01:00",1.08584,0.83908,,,,,,,
"Feb 25, 2020 00:00",1.0852,0.83966,,,,,,,
"Feb 24, 2020 23:00",1.08482,0.83935,,,,,,,
"Feb 24, 2020 22:00",1.08513,0.83943,,,,,,,
"Feb 24, 2020 21:00",1.08532,0.83929,,,,,,,
"Feb 24, 2020 20:00",1.08522,0.83945,,,,,,,
"Feb 24, 2020 19:00",1.08434,0.83965,,,,,,,
"Feb 24, 2020 18:00",1.08638,0.84019,,,,,,,
"Feb 24, 2020 17:00",1.08707,0.84031,,,,,,,
"Feb 24, 2020 16:00",1.08559,0.84011,,,,,,,
"Feb 24, 2020 15:00",1.08555,0.83994,,,,,,,
"Feb 24, 2020 14:00",1.08494,0.83968,,,,,,,
"Feb 24, 2020 13:00",1.0815,0.8383,,,,,,,
"Feb 24, 2020 12:00",1.08181,0.83718,,,,,,,
"Feb 24, 2020 11:00",1.08211,0.83851,,,,,,,
"Feb 24, 2020 10:00",1.08156,0.83851,,,,,,,
"Feb 24, 2020 09:00",1.08154,0.83863,,,,,,,
"Feb 24, 2020 08:00",1.08268,0.83746,,,,,,,
"Feb 24, 2020 07:00",1.08172,0.83579,,,,,,,
"Feb 24, 2020 06:00",1.08164,0.8357,,,,,,,
"Feb 24, 2020 05:00",1.08152,0.836,,,,,,,
"Feb 24, 2020 04:00",1.08212,0.83634,,,,,,,
"Feb 24, 2020 03:00",1.08222,0.83664,,,,,,,
"Feb 24, 2020 02:00",1.08227,0.83634,,,,,,,
"Feb 24, 2020 01:00",1.08279,0.83624,,,,,,,
"Feb 24, 2020 00:00",1.08312,0.8366,,,,,,,
"Feb 23, 2020 23:00",1.08386,0.8368,,,,,,,
"Feb 23, 2020 22:00",1.08296,0.83626,,,,,,,
"Feb 21, 2020 21:00",1.08475,0.83713,,,,,,,
"Feb 21, 2020 20:00",1.0849,0.83694,,,,,,,
"Feb 21, 2020 19:00",1.08578,0.83692,,,,,,,
"Feb 21, 2020 18:00",1.08564,0.83641,,,,,,,
"Feb 21, 2020 17:00",1.08575,0.83681,,,,,,,
"Feb 21, 2020 16:00",1.08544,0.83724,,,,,,,
"Feb 21, 2020 15:00",1.08525,0.83722,,,,,,,
"Feb 21, 2020 14:00",1.08372,0.83719,,,,,,,
"Feb 21, 2020 13:00",1.08093,0.8356,,,,,,,
"Feb 21, 2020 12:00",1.07969,0.83515,,,,,,,
"Feb 21, 2020 11:00",1.08062,0.83463,,,,,,,
"Feb 21, 2020 10:00",1.07997,0.83655,,,,,,,
"Feb 21, 2020 09:00",1.08098,0.83688,,,,,,,
"Feb 21, 2020 08:00",1.08139,0.8375,,,,,,,
"Feb 21, 2020 07:00",1.0796,0.83758,,,,,,,
"Feb 21, 2020 06:00",1.07902,0.83688,,,,,,,
"Feb 21, 2020 05:00",1.07928,0.83695,,,,,,,
"Feb 21, 2020 04:00",1.07947,0.83716,,,,,,,
"Feb 21, 2020 03:00",1.079,0.83682,,,,,,,
"Feb 21, 2020 02:00",1.07895,0.83713,,,,,,,
"Feb 21, 2020 01:00",1.07927,0.83748,,,,,,,
"Feb 21, 2020 00:00",1.07903,0.83759,,,,,,,
"Feb 20, 2020 23:00",1.07878,0.83745,,,,,,,
"Feb 20, 2020 22:00",1.07868,0.83737,,,,,,,
"Feb 20, 2020 21:00",1.07829,0.83707,,,,,,,
"Feb 20, 2020 20:00",1.07895,0.83759,,,,,,,
"Feb 20, 2020 19:00",1.07897,0.83764,,,,,,,
"Feb 20, 2020 18:00",1.07934,0.83799,,,,,,,
"Feb 20, 2020 17:00",1.0793,0.83814,,,,,,,
"Feb 20, 2020 16:00",1.07969,0.83843,,,,,,,
"Feb 20, 2020 15:00",1.0802,0.83865,,,,,,,
"Feb 20, 2020 14:00",1.08167,0.84047,,,,,,,
"Feb 20, 2020 13:00",1.08044,0.84025,,,,,,,
"Feb 20, 2020 12:00",1.07881,0.83853,,,,,,,
"Feb 20, 2020 11:00",1.07961,0.83886,,,,,,,
"Feb 20, 2020 10:00",1.0792,0.83793,,,,,,,
"Feb 20, 2020 09:00",1.07998,0.837,,,,,,,
"Feb 20, 2020 08:00",1.07968,0.83687,,,,,,,
"Feb 20, 2020 07:00",1.07907,0.83651,,,,,,,
"Feb 20, 2020 06:00",1.0788,0.83598,,,,,,,
"Feb 20, 2020 05:00",1.07965,0.83622,,,,,,,
"Feb 20, 2020 04:00",1.07983,0.83627,,,,,,,
"Feb 20, 2020 03:00",1.07974,0.83642,,,,,,,
"Feb 20, 2020 02:00",1.07927,0.83628,,,,,,,
"Feb 20, 2020 01:00",1.08001,0.83624,,,,,,,
"Feb 20, 2020 00:00",1.0811,0.83626,,,,,,,
"Feb 19, 2020 23:00",1.08094,0.83626,,,,,,,
"Feb 19, 2020 22:00",1.08079,0.83643,,,,,,,
"Feb 19, 2020 21:00",1.0807,0.83627,,,,,,,
"Feb 19, 2020 20:00",1.081,0.83642,,,,,,,
"Feb 19, 2020 19:00",1.07961,0.83564,,,,,,,
"Feb 19, 2020 18:00",1.07977,0.83584,,,,,,,
"Feb 19, 2020 17:00",1.07919,0.8354,,,,,,,
"Feb 19, 2020 16:00",1.0793,0.83449,,,,,,,
"Feb 19, 2020 15:00",1.07914,0.83326,,,,,,,
"Feb 19, 2020 14:00",1.07869,0.8324,,,,,,,
"Feb 19, 2020 13:00",1.07935,0.83166,,,,,,,
"Feb 19, 2020 12:00",1.08007,0.83136,,,,,,,
"Feb 19, 2020 11:00",1.07915,0.83092,,,,,,,
"Feb 19, 2020 10:00",1.08005,0.83196,,,,,,,
"Feb 19, 2020 09:00",1.08032,0.8306,,,,,,,
"Feb 19, 2020 08:00",1.08041,0.8314,,,,,,,
"Feb 19, 2020 07:00",1.08021,0.83049,,,,,,,
"Feb 19, 2020 06:00",1.07979,0.83093,,,,,,,
"Feb 19, 2020 05:00",1.07957,0.83043,,,,,,,
"Feb 19, 2020 04:00",1.07972,0.83043,,,,,,,
"Feb 19, 2020 03:00",1.07989,0.83075,,,,,,,
"Feb 19, 2020 02:00",1.07987,0.83085,,,,,,,
"Feb 19, 2020 01:00",1.08018,0.83085,,,,,,,
"Feb 19, 2020 00:00",1.07978,0.83058,,,,,,,
"Feb 18, 2020 23:00",1.0795,0.83039,,,,,,,
"Feb 18, 2020 22:00",1.07942,0.83023,,,,,,,
"Feb 18, 2020 21:00",1.07907,0.83024,,,,,,,
"Feb 18, 2020 20:00",1.07958,0.83043,,,,,,,
"Feb 18, 2020 19:00",1.07942,0.83032,,,,,,,
"Feb 18, 2020 18:00",1.07998,0.83093,,,,,,,
"Feb 18, 2020 17:00",1.08044,0.83079,,,,,,,
"Feb 18, 2020 16:00",1.08148,0.83077,,,,,,,
"Feb 18, 2020 15:00",1.08228,0.83022,,,,,,,
"Feb 18, 2020 14:00",1.08078,0.82972,,,,,,,
"Feb 18, 2020 13:00",1.08024,0.82923,,,,,,,
"Feb 18, 2020 12:00",1.08141,0.82978,,,,,,,
"Feb 18, 2020 11:00",1.08244,0.83006,,,,,,,
"Feb 18, 2020 10:00",1.08265,0.83096,,,,,,,
"Feb 18, 2020 09:00",1.08277,0.83308,,,,,,,
"Feb 18, 2020 08:00",1.08262,0.83419,,,,,,,
"Feb 18, 2020 07:00",1.08328,0.8334,,,,,,,
"Feb 18, 2020 06:00",1.08298,0.83391,,,,,,,
"Feb 18, 2020 05:00",1.0831,0.83341,,,,,,,
"Feb 18, 2020 04:00",1.08302,0.83335,,,,,,,
"Feb 18, 2020 03:00",1.08325,0.83307,,,,,,,
"Feb 18, 2020 02:00",1.08282,0.833,,,,,,,
"Feb 18, 2020 01:00",1.08276,0.83297,,,,,,,
"Feb 18, 2020 00:00",1.0826,0.83297,,,,,,,
"Feb 17, 2020 23:00",1.08368,0.83319,,,,,,,
"Feb 17, 2020 22:00",1.08366,0.8333,,,,,,,
"Feb 17, 2020 21:00",1.08338,0.83311,,,,,,,
"Feb 17, 2020 20:00",1.08329,0.83316,,,,,,,
"Feb 17, 2020 19:00",1.08338,0.83321,,,,,,,
"Feb 17, 2020 18:00",1.0833,0.83299,,,,,,,
"Feb 17, 2020 17:00",1.08318,0.83248,,,,,,,
"Feb 17, 2020 16:00",1.08376,0.83296,,,,,,,
"Feb 17, 2020 15:00",1.08294,0.8326,,,,,,,
"Feb 17, 2020 14:00",1.08391,0.83324,,,,,,,
"Feb 17, 2020 13:00",1.08359,0.83251,,,,,,,
"Feb 17, 2020 12:00",1.08365,0.83264,,,,,,,
"Feb 17, 2020 11:00",1.0839,0.83268,,,,,,,
"Feb 17, 2020 10:00",1.08471,0.83225,,,,,,,
"Feb 17, 2020 09:00",1.08441,0.8316,,,,,,,
"Feb 17, 2020 08:00",1.08464,0.83163,,,,,,,
"Feb 17, 2020 07:00",1.08405,0.83155,,,,,,,
"Feb 17, 2020 06:00",1.08349,0.83094,,,,,,,
"Feb 17, 2020 05:00",1.08396,0.83071,,,,,,,
"Feb 17, 2020 04:00",1.08377,0.83092,,,,,,,
"Feb 17, 2020 03:00",1.08385,0.8308,,,,,,,
"Feb 17, 2020 02:00",1.08394,0.83076,,,,,,,
"Feb 17, 2020 01:00",1.08365,0.83067,,,,,,,
"Feb 17, 2020 00:00",1.08356,0.83083,,,,,,,
"Feb 16, 2020 23:00",1.08414,0.83061,,,,,,,
"Feb 16, 2020 22:00",1.0838,0.83089,,,,,,,
"Feb 14, 2020 21:00",1.08306,0.82994,,,,,,,
"Feb 14, 2020 20:00",1.08373,0.8305,,,,,,,
"Feb 14, 2020 19:00",1.08397,0.83176,,,,,,,
"Feb 14, 2020 18:00",1.08439,0.8316,,,,,,,
"Feb 14, 2020 17:00",1.08434,0.83149,,,,,,,
"Feb 14, 2020 16:00",1.08391,0.83137,,,,,,,
"Feb 14, 2020 15:00",1.08458,0.83328,,,,,,,
"Feb 14, 2020 14:00",1.08561,0.83365,,,,,,,
"Feb 14, 2020 13:00",1.0855,0.83403,,,,,,,
"Feb 14, 2020 12:00",1.08401,0.83201,,,,,,,
"Feb 14, 2020 11:00",1.0837,0.83165,,,,,,,
"Feb 14, 2020 10:00",1.08387,0.8318,,,,,,,
"Feb 14, 2020 09:00",1.08449,0.83187,,,,,,,
"Feb 14, 2020 08:00",1.08429,0.83145,,,,,,,
"Feb 14, 2020 07:00",1.08412,0.83023,,,,,,,
"Feb 14, 2020 06:00",1.08352,0.8306,,,,,,,
"Feb 14, 2020 05:00",1.08369,0.83071,,,,,,,
"Feb 14, 2020 04:00",1.08331,0.83057,,,,,,,
"Feb 14, 2020 03:00",1.08308,0.83046,,,,,,,
"Feb 14, 2020 02:00",1.0837,0.83047,,,,,,,
"Feb 14, 2020 01:00",1.08363,0.83057,,,,,,,
"Feb 14, 2020 00:00",1.08382,0.83078,,,,,,,
"Feb 13, 2020 23:00",1.08412,0.831,,,,,,,
"Feb 13, 2020 22:00",1.08403,0.83103,,,,,,,
"Feb 13, 2020 21:00",1.08388,0.83114,,,,,,,
"Feb 13, 2020 20:00",1.08411,0.83084,,,,,,,
"Feb 13, 2020 19:00",1.08435,0.8306,,,,,,,
"Feb 13, 2020 18:00",1.08417,0.83066,,,,,,,
"Feb 13, 2020 17:00",1.08422,0.83044,,,,,,,
"Feb 13, 2020 16:00",1.08473,0.83124,,,,,,,
"Feb 13, 2020 15:00",1.08489,0.83095,,,,,,,
"Feb 13, 2020 14:00",1.08556,0.8322,,,,,,,
"Feb 13, 2020 13:00",1.08549,0.83344,,,,,,,
"Feb 13, 2020 12:00",1.08638,0.83362,,,,,,,
"Feb 13, 2020 11:00",1.08577,0.83619,,,,,,,
"Feb 13, 2020 10:00",1.08739,0.83717,,,,,,,
"Feb 13, 2020 09:00",1.08831,0.83897,,,,,,,
"Feb 13, 2020 08:00",1.08869,0.83987,,,,,,,
"Feb 13, 2020 07:00",1.0879,0.83822,,,,,,,
"Feb 13, 2020 06:00",1.08713,0.83936,,,,,,,
"Feb 13, 2020 05:00",1.08717,0.83945,,,,,,,
"Feb 13, 2020 04:00",1.08691,0.8392,,,,,,,
"Feb 13, 2020 03:00",1.08697,0.83912,,,,,,,
"Feb 13, 2020 02:00",1.08698,0.8388,,,,,,,
"Feb 13, 2020 01:00",1.08729,0.83904,,,,,,,
"Feb 13, 2020 00:00",1.08726,0.83934,,,,,,,
"Feb 12, 2020 23:00",1.08754,0.83929,,,,,,,
"Feb 12, 2020 22:00",1.08716,0.83887,,,,,,,
"Feb 12, 2020 21:00",1.08739,0.83922,,,,,,,
"Feb 12, 2020 20:00",1.0875,0.83923,,,,,,,
"Feb 12, 2020 19:00",1.08662,0.8385,,,,,,,
"Feb 12, 2020 18:00",1.08762,0.83895,,,,,,,
"Feb 12, 2020 17:00",1.08788,0.83901,,,,,,,
"Feb 12, 2020 16:00",1.08925,0.83932,,,,,,,
"Feb 12, 2020 15:00",1.08942,0.83966,,,,,,,
"Feb 12, 2020 14:00",1.09042,0.84125,,,,,,,
"Feb 12, 2020 13:00",1.0905,0.84105,,,,,,,
"Feb 12, 2020 12:00",1.09125,0.84033,,,,,,,
"Feb 12, 2020 11:00",1.09117,0.84037,,,,,,,
"Feb 12, 2020 10:00",1.09184,0.84107,,,,,,,
"Feb 12, 2020 09:00",1.09205,0.84122,,,,,,,
"Feb 12, 2020 08:00",1.09218,0.84234,,,,,,,
"Feb 12, 2020 07:00",1.09144,0.84179,,,,,,,
"Feb 12, 2020 06:00",1.09056,0.84182,,,,,,,
"Feb 12, 2020 05:00",1.09107,0.84178,,,,,,,
"Feb 12, 2020 04:00",1.09123,0.84209,,,,,,,
"Feb 12, 2020 03:00",1.09151,0.84222,,,,,,,
"Feb 12, 2020 02:00",1.09162,0.84182,,,,,,,
"Feb 12, 2020 01:00",1.09185,0.84209,,,,,,,
"Feb 12, 2020 00:00",1.09134,0.84243,,,,,,,
"Feb 11, 2020 23:00",1.0919,0.84272,,,,,,,
"Feb 11, 2020 22:00",1.0919,0.84256,,,,,,,
"Feb 11, 2020 21:00",1.09154,0.84266,,,,,,,
"Feb 11, 2020 20:00",1.09196,0.84267,,,,,,,
"Feb 11, 2020 19:00",1.09216,0.8425,,,,,,,
"Feb 11, 2020 18:00",1.09192,0.84273,,,,,,,
"Feb 11, 2020 17:00",1.09219,0.84333,,,,,,,
"Feb 11, 2020 16:00",1.09167,0.84334,,,,,,,
"Feb 11, 2020 15:00",1.09162,0.84323,,,,,,,
"Feb 11, 2020 14:00",1.09199,0.84229,,,,,,,
"Feb 11, 2020 13:00",1.09037,0.84282,,,,,,,
"Feb 11, 2020 12:00",1.09091,0.84351,,,,,,,
"Feb 11, 2020 11:00",1.09127,0.84398,,,,,,,
"Feb 11, 2020 10:00",1.09182,0.84457,,,,,,,
"Feb 11, 2020 09:00",1.09139,0.84351,,,,,,,
"Feb 11, 2020 08:00",1.09106,0.84556,,,,,,,
"Feb 11, 2020 07:00",1.0914,0.84561,,,,,,,
"Feb 11, 2020 06:00",1.09109,0.84474,,,,,,,
"Feb 11, 2020 05:00",1.09122,0.84495,,,,,,,
"Feb 11, 2020 04:00",1.09095,0.84481,,,,,,,
"Feb 11, 2020 03:00",1.09132,0.84485,,,,,,,
"Feb 11, 2020 02:00",1.0914,0.8449,,,,,,,
"Feb 11, 2020 01:00",1.09138,0.845,,,,,,,
"Feb 11, 2020 00:00",1.09099,0.84486,,,,,,,
"Feb 10, 2020 23:00",1.09102,0.84466,,,,,,,
"Feb 10, 2020 22:00",1.09107,0.84478,,,,,,,
"Feb 10, 2020 21:00",1.09106,0.84485,,,,,,,
"Feb 10, 2020 20:00",1.09121,0.8452,,,,,,,
"Feb 10, 2020 19:00",1.09139,0.845,,,,,,,
"Feb 10, 2020 18:00",1.09134,0.84495,,,,,,,
"Feb 10, 2020 17:00",1.09103,0.84512,,,,,,,
"Feb 10, 2020 16:00",1.09148,0.84492,,,,,,,
"Feb 10, 2020 15:00",1.09242,0.84525,,,,,,,
"Feb 10, 2020 14:00",1.09278,0.84442,,,,,,,
"Feb 10, 2020 13:00",1.09327,0.84558,,,,,,,
"Feb 10, 2020 12:00",1.09491,0.84663,,,,,,,
"Feb 10, 2020 11:00",1.09493,0.84718,,,,,,,
"Feb 10, 2020 10:00",1.09495,0.84727,,,,,,,
"Feb 10, 2020 09:00",1.09497,0.84807,,,,,,,
"Feb 10, 2020 08:00",1.09514,0.84941,,,,,,,
"Feb 10, 2020 07:00",1.09464,0.85027,,,,,,,
"Feb 10, 2020 06:00",1.09511,0.84884,,,,,,,
"Feb 10, 2020 05:00",1.09553,0.84875,,,,,,,
"Feb 10, 2020 04:00",1.0957,0.84899,,,,,,,
"Feb 10, 2020 03:00",1.09524,0.84923,,,,,,,
"Feb 10, 2020 02:00",1.09535,0.84906,,,,,,,
"Feb 10, 2020 01:00",1.09501,0.84925,,,,,,,
"Feb 10, 2020 00:00",1.09525,0.84945,,,,,,,
"Feb 09, 2020 23:00",1.0949,0.84945,,,,,,,
"Feb 09, 2020 22:00",1.09433,0.84882,,,,,,,
"Feb 07, 2020 21:00",1.09431,0.84933,,,,,,,
"Feb 07, 2020 20:00",1.09472,0.84961,,,,,,,
"Feb 07, 2020 19:00",1.09465,0.84937,,,,,,,
"Feb 07, 2020 18:00",1.09437,0.84876,,,,,,,
"Feb 07, 2020 17:00",1.09427,0.84819,,,,,,,
"Feb 07, 2020 16:00",1.09494,0.84836,,,,,,,
"Feb 07, 2020 15:00",1.09632,0.84726,,,,,,,
"Feb 07, 2020 14:00",1.09715,0.84709,,,,,,,
"Feb 07, 2020 13:00",1.09583,0.84722,,,,,,,
"Feb 07, 2020 12:00",1.09647,0.84688,,,,,,,
"Feb 07, 2020 11:00",1.09516,0.84689,,,,,,,
"Feb 07, 2020 10:00",1.0954,0.84717,,,,,,,
"Feb 07, 2020 09:00",1.09543,0.84725,,,,,,,
"Feb 07, 2020 08:00",1.09583,0.84775,,,,,,,
"Feb 07, 2020 07:00",1.09668,0.84791,,,,,,,
"Feb 07, 2020 06:00",1.09778,0.84814,,,,,,,
"Feb 07, 2020 05:00",1.09808,0.84852,,,,,,,
"Feb 07, 2020 04:00",1.09811,0.84878,,,,,,,
"Feb 07, 2020 03:00",1.0983,0.8489,,,,,,,
"Feb 07, 2020 02:00",1.09845,0.84871,,,,,,,
"Feb 07, 2020 01:00",1.09827,0.84891,,,,,,,
"Feb 07, 2020 00:00",1.09816,0.84887,,,,,,,
"Feb 06, 2020 23:00",1.09808,0.84917,,,,,,,
"Feb 06, 2020 22:00",1.09806,0.84928,,,,,,,
"Feb 06, 2020 21:00",1.09809,0.84943,,,,,,,
"Feb 06, 2020 20:00",1.09787,0.84939,,,,,,,
"Feb 06, 2020 19:00",1.09766,0.84936,,,,,,,
"Feb 06, 2020 18:00",1.09732,0.84884,,,,,,,
"Feb 06, 2020 17:00",1.09749,0.84854,,,,,,,
"Feb 06, 2020 16:00",1.09776,0.84887,,,,,,,
"Feb 06, 2020 15:00",1.09764,0.84905,,,,,,,
"Feb 06, 2020 14:00",1.09881,0.84828,,,,,,,
"Feb 06, 2020 13:00",1.10015,0.84847,,,,,,,
"Feb 06, 2020 12:00",1.10027,0.84804,,,,,,,
"Feb 06, 2020 11:00",1.10002,0.84853,,,,,,,
"Feb 06, 2020 10:00",1.10009,0.84865,,,,,,,
"Feb 06, 2020 09:00",1.09989,0.84771,,,,,,,
"Feb 06, 2020 08:00",1.09956,0.84667,,,,,,,
"Feb 06, 2020 07:00",1.10028,0.84756,,,,,,,
"Feb 06, 2020 06:00",1.10004,0.84723,,,,,,,
"Feb 06, 2020 05:00",1.09995,0.8471,,,,,,,
"Feb 06, 2020 04:00",1.09959,0.84706,,,,,,,
"Feb 06, 2020 03:00",1.09968,0.84687,,,,,,,
"Feb 06, 2020 02:00",1.09975,0.84692,,,,,,,
"Feb 06, 2020 01:00",1.0998,0.84671,,,,,,,
"Feb 06, 2020 00:00",1.09963,0.84669,,,,,,,
"Feb 05, 2020 23:00",1.10002,0.84644,,,,,,,
"Feb 05, 2020 22:00",1.09995,0.84599,,,,,,,
"Feb 05, 2020 21:00",1.09985,0.84597,,,,,,,
"Feb 05, 2020 20:00",1.09975,0.84645,,,,,,,
"Feb 05, 2020 19:00",1.09961,0.8466,,,,,,,
"Feb 05, 2020 18:00",1.10024,0.84609,,,,,,,
"Feb 05, 2020 17:00",1.10013,0.84594,,,,,,,
"Feb 05, 2020 16:00",1.1006,0.84667,,,,,,,
"Feb 05, 2020 15:00",1.10023,0.84735,,,,,,,
"Feb 05, 2020 14:00",1.10027,0.84867,,,,,,,
"Feb 05, 2020 13:00",1.10125,0.84649,,,,,,,
"Feb 05, 2020 12:00",1.10222,0.84477,,,,,,,
"Feb 05, 2020 11:00",1.1022,0.84392,,,,,,,
"Feb 05, 2020 10:00",1.10192,0.84431,,,,,,,
"Feb 05, 2020 09:00",1.10261,0.84382,,,,,,,
"Feb 05, 2020 08:00",1.10421,0.84623,,,,,,,
"Feb 05, 2020 07:00",1.10369,0.84653,,,,,,,
"Feb 05, 2020 06:00",1.10356,0.84772,,,,,,,
"Feb 05, 2020 05:00",1.10379,0.84785,,,,,,,
"Feb 05, 2020 04:00",1.10347,0.84756,,,,,,,
"Feb 05, 2020 03:00",1.10339,0.84733,,,,,,,
"Feb 05, 2020 02:00",1.10347,0.84765,,,,,,,
"Feb 05, 2020 01:00",1.104,0.84779,,,,,,,
"Feb 05, 2020 00:00",1.10429,0.84762,,,,,,,
"Feb 04, 2020 23:00",1.10449,0.84758,,,,,,,
"Feb 04, 2020 22:00",1.10445,0.84742,,,,,,,
"Feb 04, 2020 21:00",1.10443,0.84747,,,,,,,
"Feb 04, 2020 20:00",1.10439,0.84736,,,,,,,
"Feb 04, 2020 19:00",1.1042,0.84698,,,,,,,
"Feb 04, 2020 18:00",1.10411,0.84666,,,,,,,
"Feb 04, 2020 17:00",1.10371,0.84696,,,,,,,
"Feb 04, 2020 16:00",1.10427,0.84757,,,,,,,
"Feb 04, 2020 15:00",1.10385,0.84741,,,,,,,
"Feb 04, 2020 14:00",1.10445,0.84812,,,,,,,
"Feb 04, 2020 13:00",1.10447,0.84763,,,,,,,
"Feb 04, 2020 12:00",1.10438,0.84873,,,,,,,
"Feb 04, 2020 11:00",1.10537,0.84943,,,,,,,
"Feb 04, 2020 10:00",1.10553,0.85001,,,,,,,
"Feb 04, 2020 09:00",1.10558,0.84934,,,,,,,
"Feb 04, 2020 08:00",1.10577,0.85142,,,,,,,
"Feb 04, 2020 07:00",1.10499,0.85357,,,,,,,
"Feb 04, 2020 06:00",1.10592,0.85091,,,,,,,
"Feb 04, 2020 05:00",1.10584,0.84976,,,,,,,
"Feb 04, 2020 04:00",1.10601,0.85026,,,,,,,
"Feb 04, 2020 03:00",1.10579,0.85063,,,,,,,
"Feb 04, 2020 02:00",1.10586,0.85113,,,,,,,
"Feb 04, 2020 01:00",1.10601,0.85137,,,,,,,
"Feb 04, 2020 00:00",1.10608,0.85134,,,,,,,
"Feb 03, 2020 23:00",1.10623,0.85113,,,,,,,
"Feb 03, 2020 22:00",1.1059,0.85079,,,,,,,
"Feb 03, 2020 21:00",1.10607,0.85086,,,,,,,
"Feb 03, 2020 20:00",1.10579,0.85115,,,,,,,
"Feb 03, 2020 19:00",1.10636,0.85113,,,,,,,
"Feb 03, 2020 18:00",1.10611,0.85121,,,,,,,
"Feb 03, 2020 17:00",1.10587,0.85029,,,,,,,
"Feb 03, 2020 16:00",1.10619,0.85055,,,,,,,
"Feb 03, 2020 15:00",1.10557,0.84959,,,,,,,
"Feb 03, 2020 14:00",1.10474,0.84791,,,,,,,
"Feb 03, 2020 13:00",1.10633,0.84714,,,,,,,
"Feb 03, 2020 12:00",1.10659,0.84756,,,,,,,
"Feb 03, 2020 11:00",1.10628,0.84706,,,,,,,
"Feb 03, 2020 10:00",1.10649,0.84725,,,,,,,
"Feb 03, 2020 09:00",1.10726,0.84644,,,,,,,
"Feb 03, 2020 08:00",1.10661,0.84354,,,,,,,
"Feb 03, 2020 07:00",1.1075,0.84257,,,,,,,
"Feb 03, 2020 06:00",1.10826,0.84244,,,,,,,
"Feb 03, 2020 05:00",1.10844,0.84201,,,,,,,
"Feb 03, 2020 04:00",1.10817,0.84178,,,,,,,
"Feb 03, 2020 03:00",1.10812,0.84212,,,,,,,
"Feb 03, 2020 02:00",1.10814,0.84118,,,,,,,
"Feb 03, 2020 01:00",1.10832,0.84108,,,,,,,
"Feb 03, 2020 00:00",1.10815,0.84102,,,,,,,
"Feb 02, 2020 23:00",1.10892,0.84121,,,,,,,
"Feb 02, 2020 22:00",1.1084,0.84103,,,,,,,
"Jan 31, 2020 21:00",1.1095,0.83987,,,,,,,
"Jan 31, 2020 20:00",1.10906,0.83986,,,,,,,
"Jan 31, 2020 19:00",1.10894,0.84005,,,,,,,
"Jan 31, 2020 18:00",1.10805,0.84038,,,,,,,
"Jan 31, 2020 17:00",1.1083,0.8398,,,,,,,
"Jan 31, 2020 16:00",1.10815,0.83986,,,,,,,
"Jan 31, 2020 15:00",1.10807,0.84057,,,,,,,
"Jan 31, 2020 14:00",1.10627,0.84135,,,,,,,
"Jan 31, 2020 13:00",1.10547,0.841,,,,,,,
"Jan 31, 2020 12:00",1.10475,0.84185,,,,,,,
"Jan 31, 2020 11:00",1.10374,0.84083,,,,,,,
"Jan 31, 2020 10:00",1.10306,0.84187,,,,,,,
"Jan 31, 2020 09:00",1.10286,0.84068,,,,,,,
"Jan 31, 2020 08:00",1.10216,0.8388,,,,,,,
"Jan 31, 2020 07:00",1.10279,0.83998,,,,,,,
"Jan 31, 2020 06:00",1.10209,0.84115,,,,,,,
"Jan 31, 2020 05:00",1.10217,0.84155,,,,,,,
"Jan 31, 2020 04:00",1.10245,0.84165,,,,,,,
"Jan 31, 2020 03:00",1.10243,0.84191,,,,,,,
"Jan 31, 2020 02:00",1.10263,0.84189,,,,,,,
"Jan 31, 2020 01:00",1.10288,0.84209,,,,,,,
"Jan 31, 2020 00:00",1.1032,0.84206,,,,,,,
"Jan 30, 2020 23:00",1.10285,0.8428,,,,,,,
"Jan 30, 2020 22:00",1.10314,0.84263,,,,,,,
"Jan 30, 2020 21:00",1.10312,0.84261,,,,,,,
"Jan 30, 2020 20:00",1.10323,0.84251,,,,,,,
"Jan 30, 2020 19:00",1.10299,0.84297,,,,,,,
"Jan 30, 2020 18:00",1.10345,0.84331,,,,,,,
"Jan 30, 2020 17:00",1.10375,0.84292,,,,,,,
"Jan 30, 2020 16:00",1.10311,0.84163,,,,,,,
"Jan 30, 2020 15:00",1.10354,0.84237,,,,,,,
"Jan 30, 2020 14:00",1.10261,0.8429,,,,,,,
"Jan 30, 2020 13:00",1.10255,0.84172,,,,,,,
"Jan 30, 2020 12:00",1.10228,0.84212,,,,,,,
"Jan 30, 2020 11:00",1.10228,0.84339,,,,,,,
"Jan 30, 2020 10:00",1.10143,0.84666,,,,,,,
"Jan 30, 2020 09:00",1.1019,0.8465,,,,,,,
"Jan 30, 2020 08:00",1.10167,0.84789,,,,,,,
"Jan 30, 2020 07:00",1.10113,0.84706,,,,,,,
"Jan 30, 2020 06:00",1.10099,0.84618,,,,,,,
"Jan 30, 2020 05:00",1.10132,0.84618,,,,,,,
"Jan 30, 2020 04:00",1.10171,0.84643,,,,,,,
"Jan 30, 2020 03:00",1.10154,0.84621,,,,,,,
"Jan 30, 2020 02:00",1.10119,0.84593,,,,,,,
"Jan 30, 2020 01:00",1.10112,0.84569,,,,,,,
"Jan 30, 2020 00:00",1.10129,0.84571,,,,,,,
"Jan 29, 2020 23:00",1.10136,0.84578,,,,,,,
"Jan 29, 2020 22:00",1.10101,0.84585,,,,,,,
"Jan 29, 2020 21:00",1.10101,0.84561,,,,,,,
"Jan 29, 2020 20:00",1.10069,0.84565,,,,,,,
"Jan 29, 2020 19:00",1.10201,0.84617,,,,,,,
"Jan 29, 2020 18:00",1.10017,0.84546,,,,,,,
"Jan 29, 2020 17:00",1.10049,0.84572,,,,,,,
"Jan 29, 2020 16:00",1.10037,0.84576,,,,,,,
"Jan 29, 2020 15:00",1.09989,0.84595,,,,,,,
"Jan 29, 2020 14:00",1.09959,0.84519,,,,,,,
"Jan 29, 2020 13:00",1.09924,0.84618,,,,,,,
"Jan 29, 2020 12:00",1.09981,0.8454,,,,,,,
"Jan 29, 2020 11:00",1.10014,0.84522,,,,,,,
"Jan 29, 2020 10:00",1.10016,0.84533,,,,,,,
"Jan 29, 2020 09:00",1.10019,0.84538,,,,,,,
"Jan 29, 2020 08:00",1.10019,0.84509,,,,,,,
"Jan 29, 2020 07:00",1.10054,0.84589,,,,,,,
"Jan 29, 2020 06:00",1.10149,0.84573,,,,,,,
"Jan 29, 2020 05:00",1.10148,0.84564,,,,,,,
"Jan 29, 2020 04:00",1.10132,0.84579,,,,,,,
"Jan 29, 2020 03:00",1.10138,0.84594,,,,,,,
"Jan 29, 2020 02:00",1.10163,0.84628,,,,,,,
"Jan 29, 2020 01:00",1.10164,0.84625,,,,,,,
"Jan 29, 2020 00:00",1.10229,0.84632,,,,,,,
"Jan 28, 2020 23:00",1.10222,0.84628,,,,,,,
"Jan 28, 2020 22:00",1.1022,0.84614,,,,,,,
"Jan 28, 2020 21:00",1.10216,0.84595,,,,,,,
"Jan 28, 2020 20:00",1.10217,0.84651,,,,,,,
"Jan 28, 2020 19:00",1.10163,0.84693,,,,,,,
"Jan 28, 2020 18:00",1.10123,0.8472,,,,,,,
"Jan 28, 2020 17:00",1.10091,0.84686,,,,,,,
"Jan 28, 2020 16:00",1.10071,0.847,,,,,,,
"Jan 28, 2020 15:00",1.09998,0.84722,,,,,,,
"Jan 28, 2020 14:00",1.10043,0.84654,,,,,,,
"Jan 28, 2020 13:00",1.10055,0.84619,,,,,,,
"Jan 28, 2020 12:00",1.10065,0.84588,,,,,,,
"Jan 28, 2020 11:00",1.10102,0.84604,,,,,,,
"Jan 28, 2020 10:00",1.10189,0.84667,,,,,,,
"Jan 28, 2020 09:00",1.10167,0.84548,,,,,,,
"Jan 28, 2020 08:00",1.10192,0.84714,,,,,,,
"Jan 28, 2020 07:00",1.10166,0.84586,,,,,,,
"Jan 28, 2020 06:00",1.10191,0.84497,,,,,,,
"Jan 28, 2020 05:00",1.10216,0.84412,,,,,,,
"Jan 28, 2020 04:00",1.10225,0.84419,,,,,,,
"Jan 28, 2020 03:00",1.1021,0.84412,,,,,,,
"Jan 28, 2020 02:00",1.10215,0.84392,,,,,,,
"Jan 28, 2020 01:00",1.10196,0.84355,,,,,,,
"Jan 28, 2020 00:00",1.1019,0.84379,,,,,,,
"Jan 27, 2020 23:00",1.10194,0.84378,,,,,,,
"Jan 27, 2020 22:00",1.10176,0.84341,,,,,,,
"Jan 27, 2020 21:00",1.10191,0.84386,,,,,,,
"Jan 27, 2020 20:00",1.10167,0.84393,,,,,,,
"Jan 27, 2020 19:00",1.10163,0.84417,,,,,,,
"Jan 27, 2020 18:00",1.10137,0.84421,,,,,,,
"Jan 27, 2020 17:00",1.10151,0.84354,,,,,,,
"Jan 27, 2020 16:00",1.10188,0.84412,,,,,,,
"Jan 27, 2020 15:00",1.10126,0.84349,,,,,,,
"Jan 27, 2020 14:00",1.10171,0.84363,,,,,,,
"Jan 27, 2020 13:00",1.10272,0.84423,,,,,,,
"Jan 27, 2020 12:00",1.10228,0.84355,,,,,,,
"Jan 27, 2020 11:00",1.10242,0.84248,,,,,,,
"Jan 27, 2020 10:00",1.10283,0.84217,,,,,,,
"Jan 27, 2020 09:00",1.10207,0.84157,,,,,,,
"Jan 27, 2020 08:00",1.10276,0.8435,,,,,,,
"Jan 27, 2020 07:00",1.10347,0.8436,,,,,,,
"Jan 27, 2020 06:00",1.10275,0.84411,,,,,,,
"Jan 27, 2020 05:00",1.10309,0.84464,,,,,,,
"Jan 27, 2020 04:00",1.10276,0.84444,,,,,,,
"Jan 27, 2020 03:00",1.1028,0.84451,,,,,,,
"Jan 27, 2020 02:00",1.10291,0.84463,,,,,,,
"Jan 27, 2020 01:00",1.10332,0.84429,,,,,,,
"Jan 27, 2020 00:00",1.10323,0.84412,,,,,,,
"Jan 26, 2020 23:00",1.10246,0.84401,,,,,,,
"Jan 26, 2020 22:00",1.10298,0.84349,,,,,,,
"Jan 24, 2020 21:00",1.1026,0.84336,,,,,,,
"Jan 24, 2020 20:00",1.10279,0.84338,,,,,,,
"Jan 24, 2020 19:00",1.10295,0.84323,,,,,,,
"Jan 24, 2020 18:00",1.10279,0.84333,,,,,,,
"Jan 24, 2020 17:00",1.10272,0.8431,,,,,,,
"Jan 24, 2020 16:00",1.10253,0.84359,,,,,,,
"Jan 24, 2020 15:00",1.10251,0.84367,,,,,,,
"Jan 24, 2020 14:00",1.10311,0.84207,,,,,,,
"Jan 24, 2020 13:00",1.10391,0.84266,,,,,,,
"Jan 24, 2020 12:00",1.10275,0.84285,,,,,,,
"Jan 24, 2020 11:00",1.10354,0.84316,,,,,,,
"Jan 24, 2020 10:00",1.10372,0.84252,,,,,,,
"Jan 24, 2020 09:00",1.10358,0.84282,,,,,,,
"Jan 24, 2020 08:00",1.10466,0.84075,,,,,,,
"Jan 24, 2020 07:00",1.10511,0.84188,,,,,,,
"Jan 24, 2020 06:00",1.10502,0.84127,,,,,,,
"Jan 24, 2020 05:00",1.10489,0.8419,,,,,,,
"Jan 24, 2020 04:00",1.10487,0.84204,,,,,,,
"Jan 24, 2020 03:00",1.10506,0.84206,,,,,,,
"Jan 24, 2020 02:00",1.10527,0.84217,,,,,,,
"Jan 24, 2020 01:00",1.10536,0.84272,,,,,,,
"Jan 24, 2020 00:00",1.10527,0.84263,,,,,,,
"Jan 23, 2020 23:00",1.1055,0.84265,,,,,,,
"Jan 23, 2020 22:00",1.10555,0.84233,,,,,,,
"Jan 23, 2020 21:00",1.10575,0.84243,,,,,,,
"Jan 23, 2020 20:00",1.10557,0.84262,,,,,,,
"Jan 23, 2020 19:00",1.10555,0.84277,,,,,,,
"Jan 23, 2020 18:00",1.10497,0.84323,,,,,,,
"Jan 23, 2020 17:00",1.10512,0.8429,,,,,,,
"Jan 23, 2020 16:00",1.10413,0.84256,,,,,,,
"Jan 23, 2020 15:00",1.10459,0.84191,,,,,,,
"Jan 23, 2020 14:00",1.10691,0.8438,,,,,,,
"Jan 23, 2020 13:00",1.10867,0.84441,,,,,,,
"Jan 23, 2020 12:00",1.10846,0.84462,,,,,,,
"Jan 23, 2020 11:00",1.10904,0.84494,,,,,,,
"Jan 23, 2020 10:00",1.10913,0.84463,,,,,,,
"Jan 23, 2020 09:00",1.10845,0.84401,,,,,,,
"Jan 23, 2020 08:00",1.10835,0.84433,,,,,,,
"Jan 23, 2020 07:00",1.10893,0.84353,,,,,,,
"Jan 23, 2020 06:00",1.1085,0.84383,,,,,,,
"Jan 23, 2020 05:00",1.10829,0.84452,,,,,,,
"Jan 23, 2020 04:00",1.10852,0.84436,,,,,,,
"Jan 23, 2020 03:00",1.1083,0.84394,,,,,,,
"Jan 23, 2020 02:00",1.10893,0.84433,,,,,,,
"Jan 23, 2020 01:00",1.10892,0.8441,,,,,,,
"Jan 23, 2020 00:00",1.10873,0.84356,,,,,,,
"Jan 22, 2020 23:00",1.10959,0.8441,,,,,,,
"Jan 22, 2020 22:00",1.10928,0.84417,,,,,,,
"Jan 22, 2020 21:00",1.10946,0.84422,,,,,,,
"Jan 22, 2020 20:00",1.10927,0.84441,,,,,,,
"Jan 22, 2020 19:00",1.1092,0.84445,,,,,,,
"Jan 22, 2020 18:00",1.10868,0.84487,,,,,,,
"Jan 22, 2020 17:00",1.10854,0.84438,,,,,,,
"Jan 22, 2020 16:00",1.10846,0.84395,,,,,,,
"Jan 22, 2020 15:00",1.10756,0.84278,,,,,,,
"Jan 22, 2020 14:00",1.10733,0.84356,,,,,,,
"Jan 22, 2020 13:00",1.109,0.84452,,,,,,,
"Jan 22, 2020 12:00",1.10838,0.84473,,,,,,,
"Jan 22, 2020 11:00",1.10785,0.84599,,,,,,,
"Jan 22, 2020 10:00",1.10863,0.84876,,,,,,,
"Jan 22, 2020 09:00",1.10905,0.84908,,,,,,,
"Jan 22, 2020 08:00",1.10811,0.84891,,,,,,,
"Jan 22, 2020 07:00",1.1086,0.84911,,,,,,,
"Jan 22, 2020 06:00",1.10825,0.84831,,,,,,,
"Jan 22, 2020 05:00",1.10846,0.84881,,,,,,,
"Jan 22, 2020 04:00",1.10826,0.8496,,,,,,,
"Jan 22, 2020 03:00",1.10813,0.84992,,,,,,,
"Jan 22, 2020 02:00",1.10805,0.84957,,,,,,,
"Jan 22, 2020 01:00",1.10818,0.84925,,,,,,,
"Jan 22, 2020 00:00",1.10824,0.84918,,,,,,,
"Jan 21, 2020 23:00",1.10849,0.84966,,,,,,,
"Jan 21, 2020 22:00",1.10828,0.84928,,,,,,,
"Jan 21, 2020 21:00",1.1082,0.84928,,,,,,,
"Jan 21, 2020 20:00",1.10872,0.84999,,,,,,,
"Jan 21, 2020 19:00",1.10946,0.85015,,,,,,,
"Jan 21, 2020 18:00",1.10924,0.84968,,,,,,,
"Jan 21, 2020 17:00",1.10916,0.8502,,,,,,,
"Jan 21, 2020 16:00",1.10959,0.85048,,,,,,,
"Jan 21, 2020 15:00",1.10976,0.84986,,,,,,,
"Jan 21, 2020 14:00",1.1103,0.85002,,,,,,,
"Jan 21, 2020 13:00",1.11134,0.85007,,,,,,,
"Jan 21, 2020 12:00",1.11078,0.85121,,,,,,,
"Jan 21, 2020 11:00",1.11055,0.85039,,,,,,,
"Jan 21, 2020 10:00",1.11036,0.85164,,,,,,,
"Jan 21, 2020 09:00",1.10905,0.85047,,,,,,,
"Jan 21, 2020 08:00",1.10906,0.85225,,,,,,,
"Jan 21, 2020 07:00",1.10921,0.85277,,,,,,,
"Jan 21, 2020 06:00",1.10939,0.85298,,,,,,,
"Jan 21, 2020 05:00",1.10954,0.85261,,,,,,,
"Jan 21, 2020 04:00",1.10991,0.85286,,,,,,,
"Jan 21, 2020 03:00",1.10973,0.85277,,,,,,,
"Jan 21, 2020 02:00",1.10955,0.85311,,,,,,,
"Jan 21, 2020 01:00",1.10907,0.85304,,,,,,,
"Jan 21, 2020 00:00",1.10926,0.85333,,,,,,,
"Jan 20, 2020 23:00",1.10959,0.85323,,,,,,,
"Jan 20, 2020 22:00",1.10966,0.85301,,,,,,,
"Jan 20, 2020 21:00",1.10951,0.85278,,,,,,,
"Jan 20, 2020 20:00",1.10977,0.85319,,,,,,,
"Jan 20, 2020 19:00",1.10916,0.85298,,,,,,,
"Jan 20, 2020 18:00",1.1089,0.85312,,,,,,,
"Jan 20, 2020 17:00",1.1083,0.85253,,,,,,,
"Jan 20, 2020 16:00",1.10836,0.8528,,,,,,,
"Jan 20, 2020 15:00",1.10824,0.85271,,,,,,,
"Jan 20, 2020 14:00",1.10821,0.85254,,,,,,,
"Jan 20, 2020 13:00",1.10838,0.85249,,,,,,,
"Jan 20, 2020 12:00",1.10837,0.85314,,,,,,,
"Jan 20, 2020 11:00",1.10857,0.85288,,,,,,,
"Jan 20, 2020 10:00",1.1084,0.85358,,,,,,,
"Jan 20, 2020 09:00",1.10895,0.85409,,,,,,,
"Jan 20, 2020 08:00",1.10889,0.85474,,,,,,,
"Jan 20, 2020 07:00",1.10946,0.85486,,,,,,,
"Jan 20, 2020 06:00",1.11003,0.85414,,,,,,,
"Jan 20, 2020 05:00",1.10978,0.85404,,,,,,,
"Jan 20, 2020 04:00",1.10966,0.85346,,,,,,,
"Jan 20, 2020 03:00",1.10959,0.85324,,,,,,,
"Jan 20, 2020 02:00",1.10973,0.85339,,,,,,,
"Jan 20, 2020 01:00",1.10962,0.85344,,,,,,,
"Jan 20, 2020 00:00",1.10928,0.85324,,,,,,,
"Jan 19, 2020 23:00",1.10947,0.85301,,,,,,,
"Jan 19, 2020 22:00",1.10906,0.85296,,,,,,,
"Jan 18, 2020 10:00",1.10288,0.8424,,,,,,,
"Jan 17, 2020 21:00",1.10896,0.85226,,,,,,,
"Jan 17, 2020 20:00",1.10924,0.85223,,,,,,,
"Jan 17, 2020 19:00",1.10928,0.85214,,,,,,,
"Jan 17, 2020 18:00",1.10923,0.85202,,,,,,,
"Jan 17, 2020 17:00",1.10908,0.85157,,,,,,,
"Jan 17, 2020 16:00",1.10915,0.85133,,,,,,,
"Jan 17, 2020 15:00",1.10936,0.85142,,,,,,,
"Jan 17, 2020 14:00",1.11005,0.85173,,,,,,,
"Jan 17, 2020 13:00",1.11004,0.85087,,,,,,,
"Jan 17, 2020 12:00",1.11101,0.85119,,,,,,,
"Jan 17, 2020 11:00",1.11123,0.85236,,,,,,,
"Jan 17, 2020 10:00",1.11164,0.85205,,,,,,,
"Jan 17, 2020 09:00",1.11276,0.85232,,,,,,,
"Jan 17, 2020 08:00",1.11354,0.85047,,,,,,,
"Jan 17, 2020 07:00",1.11361,0.85129,,,,,,,
"Jan 17, 2020 06:00",1.11396,0.85113,,,,,,,
"Jan 17, 2020 05:00",1.11362,0.85178,,,,,,,
"Jan 17, 2020 04:00",1.11318,0.85159,,,,,,,
"Jan 17, 2020 03:00",1.1131,0.85134,,,,,,,
"Jan 17, 2020 02:00",1.11365,0.85171,,,,,,,
"Jan 17, 2020 01:00",1.11366,0.85223,,,,,,,
"Jan 17, 2020 00:00",1.11373,0.85174,,,,,,,
"Jan 16, 2020 23:00",1.11366,0.8516,,,,,,,
"Jan 16, 2020 22:00",1.11369,0.85177,,,,,,,
"Jan 16, 2020 21:00",1.11356,0.85155,,,,,,,
"Jan 16, 2020 20:00",1.11379,0.85176,,,,,,,
"Jan 16, 2020 19:00",1.11351,0.85206,,,,,,,
"Jan 16, 2020 18:00",1.1135,0.85222,,,,,,,
"Jan 16, 2020 17:00",1.11347,0.8516,,,,,,,
"Jan 16, 2020 16:00",1.113,0.85118,,,,,,,
"Jan 16, 2020 15:00",1.11405,0.85278,,,,,,,
"Jan 16, 2020 14:00",1.11412,0.85368,,,,,,,
"Jan 16, 2020 13:00",1.11514,0.85452,,,,,,,
"Jan 16, 2020 12:00",1.11645,0.85453,,,,,,,
"Jan 16, 2020 11:00",1.11588,0.85438,,,,,,,
"Jan 16, 2020 10:00",1.11576,0.85418,,,,,,,
"Jan 16, 2020 09:00",1.11534,0.85441,,,,,,,
"Jan 16, 2020 08:00",1.11565,0.8548,,,,,,,
"Jan 16, 2020 07:00",1.11475,0.855,,,,,,,
"Jan 16, 2020 06:00",1.11501,0.85497,,,,,,,
"Jan 16, 2020 05:00",1.11495,0.85448,,,,,,,
"Jan 16, 2020 04:00",1.1151,0.85463,,,,,,,
"Jan 16, 2020 03:00",1.11524,0.85479,,,,,,,
"Jan 16, 2020 02:00",1.11517,0.85485,,,,,,,
"Jan 16, 2020 01:00",1.11535,0.85507,,,,,,,
"Jan 16, 2020 00:00",1.11549,0.85527,,,,,,,
"Jan 15, 2020 23:00",1.11526,0.85519,,,,,,,
"Jan 15, 2020 22:00",1.11513,0.85473,,,,,,,
"Jan 15, 2020 21:00",1.11495,0.85506,,,,,,,
"Jan 15, 2020 20:00",1.11521,0.85585,,,,,,,
"Jan 15, 2020 19:00",1.11505,0.85606,,,,,,,
"Jan 15, 2020 18:00",1.11518,0.85596,,,,,,,
"Jan 15, 2020 17:00",1.11576,0.85607,,,,,,,
"Jan 15, 2020 16:00",1.11594,0.85655,,,,,,,
"Jan 15, 2020 15:00",1.11524,0.85639,,,,,,,
"Jan 15, 2020 14:00",1.11522,0.85579,,,,,,,
"Jan 15, 2020 13:00",1.11492,0.85703,,,,,,,
"Jan 15, 2020 12:00",1.1141,0.85656,,,,,,,
"Jan 15, 2020 11:00",1.11483,0.85653,,,,,,,
"Jan 15, 2020 10:00",1.11385,0.85635,,,,,,,
"Jan 15, 2020 09:00",1.11281,0.85653,,,,,,,
"Jan 15, 2020 08:00",1.11298,0.85502,,,,,,,
"Jan 15, 2020 07:00",1.11286,0.85471,,,,,,,
"Jan 15, 2020 06:00",1.11353,0.85438,,,,,,,
"Jan 15, 2020 05:00",1.11342,0.85428,,,,,,,
"Jan 15, 2020 04:00",1.1133,0.85456,,,,,,,
"Jan 15, 2020 03:00",1.113,0.85455,,,,,,,
"Jan 15, 2020 02:00",1.11289,0.85463,,,,,,,
"Jan 15, 2020 01:00",1.11297,0.85455,,,,,,,
"Jan 15, 2020 00:00",1.11293,0.85488,,,,,,,
"Jan 14, 2020 23:00",1.11278,0.85454,,,,,,,
"Jan 14, 2020 22:00",1.11262,0.85433,,,,,,,
"Jan 14, 2020 21:00",1.11265,0.85453,,,,,,,
"Jan 14, 2020 20:00",1.11284,0.85466,,,,,,,
"Jan 14, 2020 19:00",1.11281,0.85419,,,,,,,
"Jan 14, 2020 18:00",1.11315,0.85452,,,,,,,
"Jan 14, 2020 17:00",1.11309,0.8548,,,,,,,
"Jan 14, 2020 16:00",1.11297,0.85503,,,,,,,
"Jan 14, 2020 15:00",1.11221,0.85486,,,,,,,
"Jan 14, 2020 14:00",1.11218,0.85532,,,,,,,
"Jan 14, 2020 13:00",1.11105,0.85526,,,,,,,
"Jan 14, 2020 12:00",1.11208,0.85709,,,,,,,
"Jan 14, 2020 11:00",1.11304,0.85626,,,,,,,
"Jan 14, 2020 10:00",1.11337,0.85742,,,,,,,
"Jan 14, 2020 09:00",1.11311,0.85807,,,,,,,
"Jan 14, 2020 08:00",1.1135,0.85846,,,,,,,
"Jan 14, 2020 07:00",1.11424,0.85844,,,,,,,
"Jan 14, 2020 06:00",1.11442,0.85804,,,,,,,
"Jan 14, 2020 05:00",1.1137,0.8574,,,,,,,
"Jan 14, 2020 04:00",1.11362,0.85699,,,,,,,
"Jan 14, 2020 03:00",1.11353,0.85719,,,,,,,
"Jan 14, 2020 02:00",1.11375,0.8568,,,,,,,
"Jan 14, 2020 01:00",1.11373,0.85722,,,,,,,
"Jan 14, 2020 00:00",1.11382,0.85713,,,,,,,
"Jan 13, 2020 23:00",1.11345,0.85736,,,,,,,
"Jan 13, 2020 22:00",1.1135,0.85698,,,,,,,
"Jan 13, 2020 21:00",1.1135,0.85723,,,,,,,
"Jan 13, 2020 20:00",1.11377,0.85699,,,,,,,
"Jan 13, 2020 19:00",1.11382,0.85688,,,,,,,
"Jan 13, 2020 18:00",1.11398,0.85714,,,,,,,
"Jan 13, 2020 17:00",1.11398,0.85722,,,,,,,
"Jan 13, 2020 16:00",1.11372,0.85776,,,,,,,
"Jan 13, 2020 15:00",1.1133,0.85776,,,,,,,
"Jan 13, 2020 14:00",1.11237,0.85601,,,,,,,
"Jan 13, 2020 13:00",1.11185,0.85631,,,,,,,
"Jan 13, 2020 12:00",1.11246,0.85729,,,,,,,
"Jan 13, 2020 11:00",1.11201,0.85766,,,,,,,
"Jan 13, 2020 10:00",1.1117,0.8561,,,,,,,
"Jan 13, 2020 09:00",1.11151,0.85681,,,,,,,
"Jan 13, 2020 08:00",1.11281,0.85587,,,,,,,
"Jan 13, 2020 07:00",1.11224,0.8555,,,,,,,
"Jan 13, 2020 06:00",1.11285,0.85425,,,,,,,
"Jan 13, 2020 05:00",1.11298,0.85397,,,,,,,
"Jan 13, 2020 04:00",1.11271,0.85359,,,,,,,
"Jan 13, 2020 03:00",1.1129,0.85349,,,,,,,
"Jan 13, 2020 02:00",1.11256,0.8535,,,,,,,
"Jan 13, 2020 01:00",1.11213,0.85284,,,,,,,
"Jan 13, 2020 00:00",1.11189,0.8528,,,,,,,
"Jan 12, 2020 23:00",1.11159,0.85217,,,,,,,
"Jan 12, 2020 22:00",1.11168,0.85275,,,,,,,
"Jan 10, 2020 21:00",1.11211,0.85118,,,,,,,
"Jan 10, 2020 20:00",1.11213,0.85182,,,,,,,
"Jan 10, 2020 19:00",1.11221,0.85145,,,,,,,
"Jan 10, 2020 18:00",1.11186,0.85161,,,,,,,
"Jan 10, 2020 17:00",1.11221,0.85149,,,,,,,
"Jan 10, 2020 16:00",1.11182,0.85134,,,,,,,
"Jan 10, 2020 15:00",1.11127,0.85081,,,,,,,
"Jan 10, 2020 14:00",1.11007,0.84963,,,,,,,
"Jan 10, 2020 13:00",1.10969,0.84902,,,,,,,
"Jan 10, 2020 12:00",1.10983,0.84818,,,,,,,
"Jan 10, 2020 11:00",1.10928,0.8485,,,,,,,
"Jan 10, 2020 10:00",1.10924,0.84956,,,,,,,
"Jan 10, 2020 09:00",1.10962,0.84907,,,,,,,
"Jan 10, 2020 08:00",1.10994,0.84942,,,,,,,
"Jan 10, 2020 07:00",1.11067,0.85042,,,,,,,
"Jan 10, 2020 06:00",1.11091,0.84898,,,,,,,
"Jan 10, 2020 05:00",1.11091,0.84912,,,,,,,
"Jan 10, 2020 04:00",1.11073,0.8494,,,,,,,
"Jan 10, 2020 03:00",1.11081,0.84997,,,,,,,
"Jan 10, 2020 02:00",1.11079,0.85011,,,,,,,
"Jan 10, 2020 01:00",1.11039,0.84996,,,,,,,
"Jan 10, 2020 00:00",1.11071,0.84987,,,,,,,
"Jan 09, 2020 23:00",1.11094,0.84995,,,,,,,
"Jan 09, 2020 22:00",1.11065,0.84978,,,,,,,
"Jan 09, 2020 21:00",1.11066,0.84988,,,,,,,
"Jan 09, 2020 20:00",1.11064,0.84994,,,,,,,
"Jan 09, 2020 19:00",1.11062,0.85055,,,,,,,
"Jan 09, 2020 18:00",1.11053,0.85059,,,,,,,
"Jan 09, 2020 17:00",1.11045,0.85014,,,,,,,
"Jan 09, 2020 16:00",1.11058,0.84981,,,,,,,
"Jan 09, 2020 15:00",1.11024,0.85084,,,,,,,
"Jan 09, 2020 14:00",1.11084,0.85122,,,,,,,
"Jan 09, 2020 13:00",1.11152,0.85153,,,,,,,
"Jan 09, 2020 12:00",1.11134,0.85238,,,,,,,
"Jan 09, 2020 11:00",1.11045,0.85292,,,,,,,
"Jan 09, 2020 10:00",1.11094,0.85175,,,,,,,
"Jan 09, 2020 09:00",1.10994,0.85193,,,,,,,
"Jan 09, 2020 08:00",1.11175,0.84942,,,,,,,
"Jan 09, 2020 07:00",1.11152,0.84754,,,,,,,
"Jan 09, 2020 06:00",1.11124,0.84749,,,,,,,
"Jan 09, 2020 05:00",1.11184,0.84762,,,,,,,
"Jan 09, 2020 04:00",1.11156,0.84788,,,,,,,
"Jan 09, 2020 03:00",1.11152,0.84805,,,,,,,
"Jan 09, 2020 02:00",1.1115,0.84788,,,,,,,
"Jan 09, 2020 01:00",1.11174,0.84783,,,,,,,
"Jan 09, 2020 00:00",1.11135,0.84766,,,,,,,
"Jan 08, 2020 23:00",1.11132,0.84791,,,,,,,
"Jan 08, 2020 22:00",1.11097,0.84764,,,,,,,
"Jan 08, 2020 21:00",1.11038,0.8478,,,,,,,
"Jan 08, 2020 20:00",1.11117,0.84832,,,,,,,
"Jan 08, 2020 19:00",1.11113,0.84811,,,,,,,
"Jan 08, 2020 18:00",1.1113,0.84811,,,,,,,
"Jan 08, 2020 17:00",1.11178,0.84836,,,,,,,
"Jan 08, 2020 16:00",1.11167,0.84795,,,,,,,
"Jan 08, 2020 15:00",1.11195,0.8488,,,,,,,
"Jan 08, 2020 14:00",1.11243,0.84755,,,,,,,
"Jan 08, 2020 13:00",1.11198,0.84741,,,,,,,
"Jan 08, 2020 12:00",1.11168,0.84899,,,,,,,
"Jan 08, 2020 11:00",1.11269,0.84878,,,,,,,
"Jan 08, 2020 10:00",1.11271,0.84805,,,,,,,
"Jan 08, 2020 09:00",1.11383,0.84886,,,,,,,
"Jan 08, 2020 08:00",1.11346,0.84573,,,,,,,
"Jan 08, 2020 07:00",1.11509,0.84784,,,,,,,
"Jan 08, 2020 06:00",1.11503,0.84917,,,,,,,
"Jan 08, 2020 05:00",1.11492,0.84985,,,,,,,
"Jan 08, 2020 04:00",1.11479,0.84957,,,,,,,
"Jan 08, 2020 03:00",1.11548,0.84942,,,,,,,
"Jan 08, 2020 02:00",1.11583,0.84957,,,,,,,
"Jan 08, 2020 01:00",1.11555,0.85045,,,,,,,
"Jan 08, 2020 00:00",1.11585,0.851,,,,,,,
"Jan 07, 2020 23:00",1.1154,0.85048,,,,,,,
"Jan 07, 2020 22:00",1.1148,0.84943,,,,,,,
"Jan 07, 2020 21:00",1.11515,0.8499,,,,,,,
"Jan 07, 2020 20:00",1.11438,0.84948,,,,,,,
"Jan 07, 2020 19:00",1.11442,0.84938,,,,,,,
"Jan 07, 2020 18:00",1.11436,0.84896,,,,,,,
"Jan 07, 2020 17:00",1.11428,0.84878,,,,,,,
"Jan 07, 2020 16:00",1.11372,0.84846,,,,,,,
"Jan 07, 2020 15:00",1.11418,0.84909,,,,,,,
"Jan 07, 2020 14:00",1.11474,0.85052,,,,,,,
"Jan 07, 2020 13:00",1.11558,0.85038,,,,,,,
"Jan 07, 2020 12:00",1.11745,0.85164,,,,,,,
"Jan 07, 2020 11:00",1.11817,0.85045,,,,,,,
"Jan 07, 2020 10:00",1.11762,0.84916,,,,,,,
"Jan 07, 2020 09:00",1.11845,0.84895,,,,,,,
"Jan 07, 2020 08:00",1.11844,0.84807,,,,,,,
"Jan 07, 2020 07:00",1.1174,0.85012,,,,,,,
"Jan 07, 2020 06:00",1.11818,0.84993,,,,,,,
"Jan 07, 2020 05:00",1.11831,0.85009,,,,,,,
"Jan 07, 2020 04:00",1.11907,0.84963,,,,,,,
"Jan 07, 2020 03:00",1.11922,0.84959,,,,,,,
"Jan 07, 2020 02:00",1.11916,0.84976,,,,,,,
"Jan 07, 2020 01:00",1.11933,0.84976,,,,,,,
"Jan 07, 2020 00:00",1.11897,0.84936,,,,,,,
"Jan 06, 2020 23:00",1.11952,0.84993,,,,,,,
"Jan 06, 2020 22:00",1.11951,0.84961,,,,,,,
,,,,,,,,,
,,,,,,,,,